"REF_DATE","GEO","DGUID","Wages","Type of work","North American Industry Classification System (NAICS)","Gender","Age group","UOM","UOM_ID","SCALAR_FACTOR","SCALAR_ID","VECTOR","COORDINATE","VALUE","STATUS","SYMBOL","TERMINATED","DECIMALS"
"1997","Canada","2021A000011124","Average hourly wage rate","Both full- and part-time employees","Total employees, all industries","Total - Gender","15 years and over","Current dollars","75","units","0","v2196615","1.2.1.1.1.1","15.59","","","","2"
"1998","Canada","2021A000011124","Average hourly wage rate","Both full- and part-time employees","Total employees, all industries","Total - Gender","15 years and over","Current dollars","75","units","0","v2196615","1.2.1.1.1.1","15.78","","","","2"
"1999","Canada","2021A000011124","Average hourly wage rate","Both full- and part-time employees","Total employees, all industries","Total - Gender","15 years and over","Current dollars","75","units","0","v2196615","1.2.1.1.1.1","16.17","","","","2"
"2000","Canada","2021A000011124","Average hourly wage rate","Both full- and part-time employees","Total employees, all industries","Total - Gender","15 years and over","Current dollars","75","units","0","v2196615","1.2.1.1.1.1","16.66","","","","2"
"2001","Canada","2021A000011124","Average hourly wage rate","Both full- and part-time employees","Total employees, all industries","Total - Gender","15 years and over","Current dollars","75","units","0","v2196615","1.2.1.1.1.1","17.22","","","","2"
"2002","Canada","2021A000011124","Average hourly wage rate","Both full- and part-time employees","Total employees, all industries","Total - Gender","15 years and over","Current dollars","75","units","0","v2196615","1.2.1.1.1.1","17.66","","","","2"
"2003","Canada","2021A000011124","Average hourly wage rate","Both full- and part-time employees","Total employees, all industries","Total - Gender","15 years and over","Current dollars","75","units","0","v2196615","1.2.1.1.1.1","18.05","","","","2"
"2004","Canada","2021A000011124","Average hourly wage rate","Both full- and part-time employees","Total employees, all industries","Total - Gender","15 years and over","Current dollars","75","units","0","v2196615","1.2.1.1.1.1","18.50","","","","2"
"2005","Canada","2021A000011124","Average hourly wage rate","Both full- and part-time employees","Total employees, all industries","Total - Gender","15 years and over","Current dollars","75","units","0","v2196615","1.2.1.1.1.1","19.09","","","","2"
"2006","Canada","2021A000011124","Average hourly wage rate","Both full- and part-time employees","Total employees, all industries","Total - Gender","15 years and over","Current dollars","75","units","0","v2196615","1.2.1.1.1.1","20.16","","","","2"
"2007","Canada","2021A000011124","Average hourly wage rate","Both full- and part-time employees","Total employees, all industries","Total - Gender","15 years and over","Current dollars","75","units","0","v2196615","1.2.1.1.1.1","20.99","","","","2"
"2008","Canada","2021A000011124","Average hourly wage rate","Both full- and part-time employees","Total employees, all industries","Total - Gender","15 years and over","Current dollars","75","units","0","v2196615","1.2.1.1.1.1","21.85","","","","2"
"2009","Canada","2021A000011124","Average hourly wage rate","Both full- and part-time employees","Total employees, all industries","Total - Gender","15 years and over","Current dollars","75","units","0","v2196615","1.2.1.1.1.1","22.63","","","","2"
"2010","Canada","2021A000011124","Average hourly wage rate","Both full- and part-time employees","Total employees, all industries","Total - Gender","15 years and over","Current dollars","75","units","0","v2196615","1.2.1.1.1.1","23.09","","","","2"
"2011","Canada","2021A000011124","Average hourly wage rate","Both full- and part-time employees","Total employees, all industries","Total - Gender","15 years and over","Current dollars","75","units","0","v2196615","1.2.1.1.1.1","23.60","","","","2"
"2012","Canada","2021A000011124","Average hourly wage rate","Both full- and part-time employees","Total employees, all industries","Total - Gender","15 years and over","Current dollars","75","units","0","v2196615","1.2.1.1.1.1","24.21","","","","2"
"2013","Canada","2021A000011124","Average hourly wage rate","Both full- and part-time employees","Total employees, all industries","Total - Gender","15 years and over","Current dollars","75","units","0","v2196615","1.2.1.1.1.1","24.75","","","","2"
"2014","Canada","2021A000011124","Average hourly wage rate","Both full- and part-time employees","Total employees, all industries","Total - Gender","15 years and over","Current dollars","75","units","0","v2196615","1.2.1.1.1.1","25.18","","","","2"
"2015","Canada","2021A000011124","Average hourly wage rate","Both full- and part-time employees","Total employees, all industries","Total - Gender","15 years and over","Current dollars","75","units","0","v2196615","1.2.1.1.1.1","25.87","","","","2"
"2016","Canada","2021A000011124","Average hourly wage rate","Both full- and part-time employees","Total employees, all industries","Total - Gender","15 years and over","Current dollars","75","units","0","v2196615","1.2.1.1.1.1","26.40","","","","2"
"2017","Canada","2021A000011124","Average hourly wage rate","Both full- and part-time employees","Total employees, all industries","Total - Gender","15 years and over","Current dollars","75","units","0","v2196615","1.2.1.1.1.1","26.81","","","","2"
"2018","Canada","2021A000011124","Average hourly wage rate","Both full- and part-time employees","Total employees, all industries","Total - Gender","15 years and over","Current dollars","75","units","0","v2196615","1.2.1.1.1.1","27.56","","","","2"
"2019","Canada","2021A000011124","Average hourly wage rate","Both full- and part-time employees","Total employees, all industries","Total - Gender","15 years and over","Current dollars","75","units","0","v2196615","1.2.1.1.1.1","28.32","","","","2"
"2020","Canada","2021A000011124","Average hourly wage rate","Both full- and part-time employees","Total employees, all industries","Total - Gender","15 years and over","Current dollars","75","units","0","v2196615","1.2.1.1.1.1","30.04","","","","2"
"2021","Canada","2021A000011124","Average hourly wage rate","Both full- and part-time employees","Total employees, all industries","Total - Gender","15 years and over","Current dollars","75","units","0","v2196615","1.2.1.1.1.1","30.69","","","","2"
"2022","Canada","2021A000011124","Average hourly wage rate","Both full- and part-time employees","Total employees, all industries","Total - Gender","15 years and over","Current dollars","75","units","0","v2196615","1.2.1.1.1.1","31.97","","","","2"
"2023","Canada","2021A000011124","Average hourly wage rate","Both full- and part-time employees","Total employees, all industries","Total - Gender","15 years and over","Current dollars","75","units","0","v2196615","1.2.1.1.1.1","33.56","","","","2"
"2024","Canada","2021A000011124","Average hourly wage rate","Both full- and part-time employees","Total employees, all industries","Total - Gender","15 years and over","Current dollars","75","units","0","v2196615","1.2.1.1.1.1","35.20","","","","2"
"1997","Canada","2021A000011124","Average hourly wage rate","Both full- and part-time employees","Goods-producing sector","Total - Gender","15 years and over","Current dollars","75","units","0","v2196690","1.2.1.2.1.1","16.61","","","","2"
"1998","Canada","2021A000011124","Average hourly wage rate","Both full- and part-time employees","Goods-producing sector","Total - Gender","15 years and over","Current dollars","75","units","0","v2196690","1.2.1.2.1.1","16.85","","","","2"
"1999","Canada","2021A000011124","Average hourly wage rate","Both full- and part-time employees","Goods-producing sector","Total - Gender","15 years and over","Current dollars","75","units","0","v2196690","1.2.1.2.1.1","17.17","","","","2"
"2000","Canada","2021A000011124","Average hourly wage rate","Both full- and part-time employees","Goods-producing sector","Total - Gender","15 years and over","Current dollars","75","units","0","v2196690","1.2.1.2.1.1","17.80","","","","2"
"2001","Canada","2021A000011124","Average hourly wage rate","Both full- and part-time employees","Goods-producing sector","Total - Gender","15 years and over","Current dollars","75","units","0","v2196690","1.2.1.2.1.1","18.39","","","","2"
"2002","Canada","2021A000011124","Average hourly wage rate","Both full- and part-time employees","Goods-producing sector","Total - Gender","15 years and over","Current dollars","75","units","0","v2196690","1.2.1.2.1.1","18.87","","","","2"
"2003","Canada","2021A000011124","Average hourly wage rate","Both full- and part-time employees","Goods-producing sector","Total - Gender","15 years and over","Current dollars","75","units","0","v2196690","1.2.1.2.1.1","19.31","","","","2"
"2004","Canada","2021A000011124","Average hourly wage rate","Both full- and part-time employees","Goods-producing sector","Total - Gender","15 years and over","Current dollars","75","units","0","v2196690","1.2.1.2.1.1","19.73","","","","2"
"2005","Canada","2021A000011124","Average hourly wage rate","Both full- and part-time employees","Goods-producing sector","Total - Gender","15 years and over","Current dollars","75","units","0","v2196690","1.2.1.2.1.1","20.29","","","","2"
"2006","Canada","2021A000011124","Average hourly wage rate","Both full- and part-time employees","Goods-producing sector","Total - Gender","15 years and over","Current dollars","75","units","0","v2196690","1.2.1.2.1.1","21.57","","","","2"
"2007","Canada","2021A000011124","Average hourly wage rate","Both full- and part-time employees","Goods-producing sector","Total - Gender","15 years and over","Current dollars","75","units","0","v2196690","1.2.1.2.1.1","22.52","","","","2"
"2008","Canada","2021A000011124","Average hourly wage rate","Both full- and part-time employees","Goods-producing sector","Total - Gender","15 years and over","Current dollars","75","units","0","v2196690","1.2.1.2.1.1","23.64","","","","2"
"2009","Canada","2021A000011124","Average hourly wage rate","Both full- and part-time employees","Goods-producing sector","Total - Gender","15 years and over","Current dollars","75","units","0","v2196690","1.2.1.2.1.1","24.57","","","","2"
"2010","Canada","2021A000011124","Average hourly wage rate","Both full- and part-time employees","Goods-producing sector","Total - Gender","15 years and over","Current dollars","75","units","0","v2196690","1.2.1.2.1.1","25.11","","","","2"
"2011","Canada","2021A000011124","Average hourly wage rate","Both full- and part-time employees","Goods-producing sector","Total - Gender","15 years and over","Current dollars","75","units","0","v2196690","1.2.1.2.1.1","25.41","","","","2"
"2012","Canada","2021A000011124","Average hourly wage rate","Both full- and part-time employees","Goods-producing sector","Total - Gender","15 years and over","Current dollars","75","units","0","v2196690","1.2.1.2.1.1","26.16","","","","2"
"2013","Canada","2021A000011124","Average hourly wage rate","Both full- and part-time employees","Goods-producing sector","Total - Gender","15 years and over","Current dollars","75","units","0","v2196690","1.2.1.2.1.1","26.79","","","","2"
"2014","Canada","2021A000011124","Average hourly wage rate","Both full- and part-time employees","Goods-producing sector","Total - Gender","15 years and over","Current dollars","75","units","0","v2196690","1.2.1.2.1.1","27.56","","","","2"
"2015","Canada","2021A000011124","Average hourly wage rate","Both full- and part-time employees","Goods-producing sector","Total - Gender","15 years and over","Current dollars","75","units","0","v2196690","1.2.1.2.1.1","28.09","","","","2"
"2016","Canada","2021A000011124","Average hourly wage rate","Both full- and part-time employees","Goods-producing sector","Total - Gender","15 years and over","Current dollars","75","units","0","v2196690","1.2.1.2.1.1","28.45","","","","2"
"2017","Canada","2021A000011124","Average hourly wage rate","Both full- and part-time employees","Goods-producing sector","Total - Gender","15 years and over","Current dollars","75","units","0","v2196690","1.2.1.2.1.1","28.79","","","","2"
"2018","Canada","2021A000011124","Average hourly wage rate","Both full- and part-time employees","Goods-producing sector","Total - Gender","15 years and over","Current dollars","75","units","0","v2196690","1.2.1.2.1.1","29.40","","","","2"
"2019","Canada","2021A000011124","Average hourly wage rate","Both full- and part-time employees","Goods-producing sector","Total - Gender","15 years and over","Current dollars","75","units","0","v2196690","1.2.1.2.1.1","30.28","","","","2"
"2020","Canada","2021A000011124","Average hourly wage rate","Both full- and part-time employees","Goods-producing sector","Total - Gender","15 years and over","Current dollars","75","units","0","v2196690","1.2.1.2.1.1","31.43","","","","2"
"2021","Canada","2021A000011124","Average hourly wage rate","Both full- and part-time employees","Goods-producing sector","Total - Gender","15 years and over","Current dollars","75","units","0","v2196690","1.2.1.2.1.1","31.91","","","","2"
"2022","Canada","2021A000011124","Average hourly wage rate","Both full- and part-time employees","Goods-producing sector","Total - Gender","15 years and over","Current dollars","75","units","0","v2196690","1.2.1.2.1.1","33.44","","","","2"
"2023","Canada","2021A000011124","Average hourly wage rate","Both full- and part-time employees","Goods-producing sector","Total - Gender","15 years and over","Current dollars","75","units","0","v2196690","1.2.1.2.1.1","35.50","","","","2"
"2024","Canada","2021A000011124","Average hourly wage rate","Both full- and part-time employees","Goods-producing sector","Total - Gender","15 years and over","Current dollars","75","units","0","v2196690","1.2.1.2.1.1","37.00","","","","2"
"1997","Canada","2021A000011124","Average hourly wage rate","Both full- and part-time employees","Agriculture [111-112, 1100, 1151-1152]","Total - Gender","15 years and over","Current dollars","75","units","0","v2196695","1.2.1.3.1.1","9.98","","","","2"
"1998","Canada","2021A000011124","Average hourly wage rate","Both full- and part-time employees","Agriculture [111-112, 1100, 1151-1152]","Total - Gender","15 years and over","Current dollars","75","units","0","v2196695","1.2.1.3.1.1","10.43","","","","2"
"1999","Canada","2021A000011124","Average hourly wage rate","Both full- and part-time employees","Agriculture [111-112, 1100, 1151-1152]","Total - Gender","15 years and over","Current dollars","75","units","0","v2196695","1.2.1.3.1.1","10.53","","","","2"
"2000","Canada","2021A000011124","Average hourly wage rate","Both full- and part-time employees","Agriculture [111-112, 1100, 1151-1152]","Total - Gender","15 years and over","Current dollars","75","units","0","v2196695","1.2.1.3.1.1","10.45","","","","2"
"2001","Canada","2021A000011124","Average hourly wage rate","Both full- and part-time employees","Agriculture [111-112, 1100, 1151-1152]","Total - Gender","15 years and over","Current dollars","75","units","0","v2196695","1.2.1.3.1.1","11.01","","","","2"
"2002","Canada","2021A000011124","Average hourly wage rate","Both full- and part-time employees","Agriculture [111-112, 1100, 1151-1152]","Total - Gender","15 years and over","Current dollars","75","units","0","v2196695","1.2.1.3.1.1","11.08","","","","2"
"2003","Canada","2021A000011124","Average hourly wage rate","Both full- and part-time employees","Agriculture [111-112, 1100, 1151-1152]","Total - Gender","15 years and over","Current dollars","75","units","0","v2196695","1.2.1.3.1.1","11.63","","","","2"
"2004","Canada","2021A000011124","Average hourly wage rate","Both full- and part-time employees","Agriculture [111-112, 1100, 1151-1152]","Total - Gender","15 years and over","Current dollars","75","units","0","v2196695","1.2.1.3.1.1","11.83","","","","2"
"2005","Canada","2021A000011124","Average hourly wage rate","Both full- and part-time employees","Agriculture [111-112, 1100, 1151-1152]","Total - Gender","15 years and over","Current dollars","75","units","0","v2196695","1.2.1.3.1.1","12.14","","","","2"
"2006","Canada","2021A000011124","Average hourly wage rate","Both full- and part-time employees","Agriculture [111-112, 1100, 1151-1152]","Total - Gender","15 years and over","Current dollars","75","units","0","v2196695","1.2.1.3.1.1","12.59","","","","2"
"2007","Canada","2021A000011124","Average hourly wage rate","Both full- and part-time employees","Agriculture [111-112, 1100, 1151-1152]","Total - Gender","15 years and over","Current dollars","75","units","0","v2196695","1.2.1.3.1.1","12.83","","","","2"
"2008","Canada","2021A000011124","Average hourly wage rate","Both full- and part-time employees","Agriculture [111-112, 1100, 1151-1152]","Total - Gender","15 years and over","Current dollars","75","units","0","v2196695","1.2.1.3.1.1","13.92","","","","2"
"2009","Canada","2021A000011124","Average hourly wage rate","Both full- and part-time employees","Agriculture [111-112, 1100, 1151-1152]","Total - Gender","15 years and over","Current dollars","75","units","0","v2196695","1.2.1.3.1.1","13.95","","","","2"
"2010","Canada","2021A000011124","Average hourly wage rate","Both full- and part-time employees","Agriculture [111-112, 1100, 1151-1152]","Total - Gender","15 years and over","Current dollars","75","units","0","v2196695","1.2.1.3.1.1","14.54","","","","2"
"2011","Canada","2021A000011124","Average hourly wage rate","Both full- and part-time employees","Agriculture [111-112, 1100, 1151-1152]","Total - Gender","15 years and over","Current dollars","75","units","0","v2196695","1.2.1.3.1.1","14.80","","","","2"
"2012","Canada","2021A000011124","Average hourly wage rate","Both full- and part-time employees","Agriculture [111-112, 1100, 1151-1152]","Total - Gender","15 years and over","Current dollars","75","units","0","v2196695","1.2.1.3.1.1","15.80","","","","2"
"2013","Canada","2021A000011124","Average hourly wage rate","Both full- and part-time employees","Agriculture [111-112, 1100, 1151-1152]","Total - Gender","15 years and over","Current dollars","75","units","0","v2196695","1.2.1.3.1.1","15.39","","","","2"
"2014","Canada","2021A000011124","Average hourly wage rate","Both full- and part-time employees","Agriculture [111-112, 1100, 1151-1152]","Total - Gender","15 years and over","Current dollars","75","units","0","v2196695","1.2.1.3.1.1","16.18","","","","2"
"2015","Canada","2021A000011124","Average hourly wage rate","Both full- and part-time employees","Agriculture [111-112, 1100, 1151-1152]","Total - Gender","15 years and over","Current dollars","75","units","0","v2196695","1.2.1.3.1.1","17.06","","","","2"
"2016","Canada","2021A000011124","Average hourly wage rate","Both full- and part-time employees","Agriculture [111-112, 1100, 1151-1152]","Total - Gender","15 years and over","Current dollars","75","units","0","v2196695","1.2.1.3.1.1","17.18","","","","2"
"2017","Canada","2021A000011124","Average hourly wage rate","Both full- and part-time employees","Agriculture [111-112, 1100, 1151-1152]","Total - Gender","15 years and over","Current dollars","75","units","0","v2196695","1.2.1.3.1.1","17.75","","","","2"
"2018","Canada","2021A000011124","Average hourly wage rate","Both full- and part-time employees","Agriculture [111-112, 1100, 1151-1152]","Total - Gender","15 years and over","Current dollars","75","units","0","v2196695","1.2.1.3.1.1","19.00","","","","2"
"2019","Canada","2021A000011124","Average hourly wage rate","Both full- and part-time employees","Agriculture [111-112, 1100, 1151-1152]","Total - Gender","15 years and over","Current dollars","75","units","0","v2196695","1.2.1.3.1.1","19.85","","","","2"
"2020","Canada","2021A000011124","Average hourly wage rate","Both full- and part-time employees","Agriculture [111-112, 1100, 1151-1152]","Total - Gender","15 years and over","Current dollars","75","units","0","v2196695","1.2.1.3.1.1","20.54","","","","2"
"2021","Canada","2021A000011124","Average hourly wage rate","Both full- and part-time employees","Agriculture [111-112, 1100, 1151-1152]","Total - Gender","15 years and over","Current dollars","75","units","0","v2196695","1.2.1.3.1.1","20.82","","","","2"
"2022","Canada","2021A000011124","Average hourly wage rate","Both full- and part-time employees","Agriculture [111-112, 1100, 1151-1152]","Total - Gender","15 years and over","Current dollars","75","units","0","v2196695","1.2.1.3.1.1","21.76","","","","2"
"2023","Canada","2021A000011124","Average hourly wage rate","Both full- and part-time employees","Agriculture [111-112, 1100, 1151-1152]","Total - Gender","15 years and over","Current dollars","75","units","0","v2196695","1.2.1.3.1.1","23.71","","","","2"
"2024","Canada","2021A000011124","Average hourly wage rate","Both full- and part-time employees","Agriculture [111-112, 1100, 1151-1152]","Total - Gender","15 years and over","Current dollars","75","units","0","v2196695","1.2.1.3.1.1","25.04","","","","2"
"1997","Canada","2021A000011124","Average hourly wage rate","Both full- and part-time employees","Forestry, fishing, mining, quarrying, oil and gas [21, 113-114, 1153, 2100]","Total - Gender","15 years and over","Current dollars","75","units","0","v2196620","1.2.1.4.1.1","19.13","","","","2"
"1998","Canada","2021A000011124","Average hourly wage rate","Both full- and part-time employees","Forestry, fishing, mining, quarrying, oil and gas [21, 113-114, 1153, 2100]","Total - Gender","15 years and over","Current dollars","75","units","0","v2196620","1.2.1.4.1.1","19.56","","","","2"
"1999","Canada","2021A000011124","Average hourly wage rate","Both full- and part-time employees","Forestry, fishing, mining, quarrying, oil and gas [21, 113-114, 1153, 2100]","Total - Gender","15 years and over","Current dollars","75","units","0","v2196620","1.2.1.4.1.1","20.49","","","","2"
"2000","Canada","2021A000011124","Average hourly wage rate","Both full- and part-time employees","Forestry, fishing, mining, quarrying, oil and gas [21, 113-114, 1153, 2100]","Total - Gender","15 years and over","Current dollars","75","units","0","v2196620","1.2.1.4.1.1","20.78","","","","2"
"2001","Canada","2021A000011124","Average hourly wage rate","Both full- and part-time employees","Forestry, fishing, mining, quarrying, oil and gas [21, 113-114, 1153, 2100]","Total - Gender","15 years and over","Current dollars","75","units","0","v2196620","1.2.1.4.1.1","21.30","","","","2"
"2002","Canada","2021A000011124","Average hourly wage rate","Both full- and part-time employees","Forestry, fishing, mining, quarrying, oil and gas [21, 113-114, 1153, 2100]","Total - Gender","15 years and over","Current dollars","75","units","0","v2196620","1.2.1.4.1.1","22.79","","","","2"
"2003","Canada","2021A000011124","Average hourly wage rate","Both full- and part-time employees","Forestry, fishing, mining, quarrying, oil and gas [21, 113-114, 1153, 2100]","Total - Gender","15 years and over","Current dollars","75","units","0","v2196620","1.2.1.4.1.1","22.67","","","","2"
"2004","Canada","2021A000011124","Average hourly wage rate","Both full- and part-time employees","Forestry, fishing, mining, quarrying, oil and gas [21, 113-114, 1153, 2100]","Total - Gender","15 years and over","Current dollars","75","units","0","v2196620","1.2.1.4.1.1","23.25","","","","2"
"2005","Canada","2021A000011124","Average hourly wage rate","Both full- and part-time employees","Forestry, fishing, mining, quarrying, oil and gas [21, 113-114, 1153, 2100]","Total - Gender","15 years and over","Current dollars","75","units","0","v2196620","1.2.1.4.1.1","24.38","","","","2"
"2006","Canada","2021A000011124","Average hourly wage rate","Both full- and part-time employees","Forestry, fishing, mining, quarrying, oil and gas [21, 113-114, 1153, 2100]","Total - Gender","15 years and over","Current dollars","75","units","0","v2196620","1.2.1.4.1.1","27.11","","","","2"
"2007","Canada","2021A000011124","Average hourly wage rate","Both full- and part-time employees","Forestry, fishing, mining, quarrying, oil and gas [21, 113-114, 1153, 2100]","Total - Gender","15 years and over","Current dollars","75","units","0","v2196620","1.2.1.4.1.1","29.23","","","","2"
"2008","Canada","2021A000011124","Average hourly wage rate","Both full- and part-time employees","Forestry, fishing, mining, quarrying, oil and gas [21, 113-114, 1153, 2100]","Total - Gender","15 years and over","Current dollars","75","units","0","v2196620","1.2.1.4.1.1","31.21","","","","2"
"2009","Canada","2021A000011124","Average hourly wage rate","Both full- and part-time employees","Forestry, fishing, mining, quarrying, oil and gas [21, 113-114, 1153, 2100]","Total - Gender","15 years and over","Current dollars","75","units","0","v2196620","1.2.1.4.1.1","32.40","","","","2"
"2010","Canada","2021A000011124","Average hourly wage rate","Both full- and part-time employees","Forestry, fishing, mining, quarrying, oil and gas [21, 113-114, 1153, 2100]","Total - Gender","15 years and over","Current dollars","75","units","0","v2196620","1.2.1.4.1.1","33.28","","","","2"
"2011","Canada","2021A000011124","Average hourly wage rate","Both full- and part-time employees","Forestry, fishing, mining, quarrying, oil and gas [21, 113-114, 1153, 2100]","Total - Gender","15 years and over","Current dollars","75","units","0","v2196620","1.2.1.4.1.1","34.30","","","","2"
"2012","Canada","2021A000011124","Average hourly wage rate","Both full- and part-time employees","Forestry, fishing, mining, quarrying, oil and gas [21, 113-114, 1153, 2100]","Total - Gender","15 years and over","Current dollars","75","units","0","v2196620","1.2.1.4.1.1","36.68","","","","2"
"2013","Canada","2021A000011124","Average hourly wage rate","Both full- and part-time employees","Forestry, fishing, mining, quarrying, oil and gas [21, 113-114, 1153, 2100]","Total - Gender","15 years and over","Current dollars","75","units","0","v2196620","1.2.1.4.1.1","37.74","","","","2"
"2014","Canada","2021A000011124","Average hourly wage rate","Both full- and part-time employees","Forestry, fishing, mining, quarrying, oil and gas [21, 113-114, 1153, 2100]","Total - Gender","15 years and over","Current dollars","75","units","0","v2196620","1.2.1.4.1.1","38.95","","","","2"
"2015","Canada","2021A000011124","Average hourly wage rate","Both full- and part-time employees","Forestry, fishing, mining, quarrying, oil and gas [21, 113-114, 1153, 2100]","Total - Gender","15 years and over","Current dollars","75","units","0","v2196620","1.2.1.4.1.1","39.53","","","","2"
"2016","Canada","2021A000011124","Average hourly wage rate","Both full- and part-time employees","Forestry, fishing, mining, quarrying, oil and gas [21, 113-114, 1153, 2100]","Total - Gender","15 years and over","Current dollars","75","units","0","v2196620","1.2.1.4.1.1","40.90","","","","2"
"2017","Canada","2021A000011124","Average hourly wage rate","Both full- and part-time employees","Forestry, fishing, mining, quarrying, oil and gas [21, 113-114, 1153, 2100]","Total - Gender","15 years and over","Current dollars","75","units","0","v2196620","1.2.1.4.1.1","41.59","","","","2"
"2018","Canada","2021A000011124","Average hourly wage rate","Both full- and part-time employees","Forestry, fishing, mining, quarrying, oil and gas [21, 113-114, 1153, 2100]","Total - Gender","15 years and over","Current dollars","75","units","0","v2196620","1.2.1.4.1.1","41.35","","","","2"
"2019","Canada","2021A000011124","Average hourly wage rate","Both full- and part-time employees","Forestry, fishing, mining, quarrying, oil and gas [21, 113-114, 1153, 2100]","Total - Gender","15 years and over","Current dollars","75","units","0","v2196620","1.2.1.4.1.1","41.41","","","","2"
"2020","Canada","2021A000011124","Average hourly wage rate","Both full- and part-time employees","Forestry, fishing, mining, quarrying, oil and gas [21, 113-114, 1153, 2100]","Total - Gender","15 years and over","Current dollars","75","units","0","v2196620","1.2.1.4.1.1","42.77","","","","2"
"2021","Canada","2021A000011124","Average hourly wage rate","Both full- and part-time employees","Forestry, fishing, mining, quarrying, oil and gas [21, 113-114, 1153, 2100]","Total - Gender","15 years and over","Current dollars","75","units","0","v2196620","1.2.1.4.1.1","44.15","","","","2"
"2022","Canada","2021A000011124","Average hourly wage rate","Both full- and part-time employees","Forestry, fishing, mining, quarrying, oil and gas [21, 113-114, 1153, 2100]","Total - Gender","15 years and over","Current dollars","75","units","0","v2196620","1.2.1.4.1.1","44.30","","","","2"
"2023","Canada","2021A000011124","Average hourly wage rate","Both full- and part-time employees","Forestry, fishing, mining, quarrying, oil and gas [21, 113-114, 1153, 2100]","Total - Gender","15 years and over","Current dollars","75","units","0","v2196620","1.2.1.4.1.1","47.32","","","","2"
"2024","Canada","2021A000011124","Average hourly wage rate","Both full- and part-time employees","Forestry, fishing, mining, quarrying, oil and gas [21, 113-114, 1153, 2100]","Total - Gender","15 years and over","Current dollars","75","units","0","v2196620","1.2.1.4.1.1","50.09","","","","2"
"1997","Canada","2021A000011124","Average hourly wage rate","Both full- and part-time employees","Utilities [22]","Total - Gender","15 years and over","Current dollars","75","units","0","v2196625","1.2.1.5.1.1","22.90","","","","2"
"1998","Canada","2021A000011124","Average hourly wage rate","Both full- and part-time employees","Utilities [22]","Total - Gender","15 years and over","Current dollars","75","units","0","v2196625","1.2.1.5.1.1","23.15","","","","2"
"1999","Canada","2021A000011124","Average hourly wage rate","Both full- and part-time employees","Utilities [22]","Total - Gender","15 years and over","Current dollars","75","units","0","v2196625","1.2.1.5.1.1","23.69","","","","2"
"2000","Canada","2021A000011124","Average hourly wage rate","Both full- and part-time employees","Utilities [22]","Total - Gender","15 years and over","Current dollars","75","units","0","v2196625","1.2.1.5.1.1","24.40","","","","2"
"2001","Canada","2021A000011124","Average hourly wage rate","Both full- and part-time employees","Utilities [22]","Total - Gender","15 years and over","Current dollars","75","units","0","v2196625","1.2.1.5.1.1","25.28","","","","2"
"2002","Canada","2021A000011124","Average hourly wage rate","Both full- and part-time employees","Utilities [22]","Total - Gender","15 years and over","Current dollars","75","units","0","v2196625","1.2.1.5.1.1","26.30","","","","2"
"2003","Canada","2021A000011124","Average hourly wage rate","Both full- and part-time employees","Utilities [22]","Total - Gender","15 years and over","Current dollars","75","units","0","v2196625","1.2.1.5.1.1","26.90","","","","2"
"2004","Canada","2021A000011124","Average hourly wage rate","Both full- and part-time employees","Utilities [22]","Total - Gender","15 years and over","Current dollars","75","units","0","v2196625","1.2.1.5.1.1","27.79","","","","2"
"2005","Canada","2021A000011124","Average hourly wage rate","Both full- and part-time employees","Utilities [22]","Total - Gender","15 years and over","Current dollars","75","units","0","v2196625","1.2.1.5.1.1","28.49","","","","2"
"2006","Canada","2021A000011124","Average hourly wage rate","Both full- and part-time employees","Utilities [22]","Total - Gender","15 years and over","Current dollars","75","units","0","v2196625","1.2.1.5.1.1","31.23","","","","2"
"2007","Canada","2021A000011124","Average hourly wage rate","Both full- and part-time employees","Utilities [22]","Total - Gender","15 years and over","Current dollars","75","units","0","v2196625","1.2.1.5.1.1","32.05","","","","2"
"2008","Canada","2021A000011124","Average hourly wage rate","Both full- and part-time employees","Utilities [22]","Total - Gender","15 years and over","Current dollars","75","units","0","v2196625","1.2.1.5.1.1","32.99","","","","2"
"2009","Canada","2021A000011124","Average hourly wage rate","Both full- and part-time employees","Utilities [22]","Total - Gender","15 years and over","Current dollars","75","units","0","v2196625","1.2.1.5.1.1","34.46","","","","2"
"2010","Canada","2021A000011124","Average hourly wage rate","Both full- and part-time employees","Utilities [22]","Total - Gender","15 years and over","Current dollars","75","units","0","v2196625","1.2.1.5.1.1","36.44","","","","2"
"2011","Canada","2021A000011124","Average hourly wage rate","Both full- and part-time employees","Utilities [22]","Total - Gender","15 years and over","Current dollars","75","units","0","v2196625","1.2.1.5.1.1","36.04","","","","2"
"2012","Canada","2021A000011124","Average hourly wage rate","Both full- and part-time employees","Utilities [22]","Total - Gender","15 years and over","Current dollars","75","units","0","v2196625","1.2.1.5.1.1","37.03","","","","2"
"2013","Canada","2021A000011124","Average hourly wage rate","Both full- and part-time employees","Utilities [22]","Total - Gender","15 years and over","Current dollars","75","units","0","v2196625","1.2.1.5.1.1","38.62","","","","2"
"2014","Canada","2021A000011124","Average hourly wage rate","Both full- and part-time employees","Utilities [22]","Total - Gender","15 years and over","Current dollars","75","units","0","v2196625","1.2.1.5.1.1","40.20","","","","2"
"2015","Canada","2021A000011124","Average hourly wage rate","Both full- and part-time employees","Utilities [22]","Total - Gender","15 years and over","Current dollars","75","units","0","v2196625","1.2.1.5.1.1","39.95","","","","2"
"2016","Canada","2021A000011124","Average hourly wage rate","Both full- and part-time employees","Utilities [22]","Total - Gender","15 years and over","Current dollars","75","units","0","v2196625","1.2.1.5.1.1","39.86","","","","2"
"2017","Canada","2021A000011124","Average hourly wage rate","Both full- and part-time employees","Utilities [22]","Total - Gender","15 years and over","Current dollars","75","units","0","v2196625","1.2.1.5.1.1","42.62","","","","2"
"2018","Canada","2021A000011124","Average hourly wage rate","Both full- and part-time employees","Utilities [22]","Total - Gender","15 years and over","Current dollars","75","units","0","v2196625","1.2.1.5.1.1","43.84","","","","2"
"2019","Canada","2021A000011124","Average hourly wage rate","Both full- and part-time employees","Utilities [22]","Total - Gender","15 years and over","Current dollars","75","units","0","v2196625","1.2.1.5.1.1","43.93","","","","2"
"2020","Canada","2021A000011124","Average hourly wage rate","Both full- and part-time employees","Utilities [22]","Total - Gender","15 years and over","Current dollars","75","units","0","v2196625","1.2.1.5.1.1","46.48","","","","2"
"2021","Canada","2021A000011124","Average hourly wage rate","Both full- and part-time employees","Utilities [22]","Total - Gender","15 years and over","Current dollars","75","units","0","v2196625","1.2.1.5.1.1","47.05","","","","2"
"2022","Canada","2021A000011124","Average hourly wage rate","Both full- and part-time employees","Utilities [22]","Total - Gender","15 years and over","Current dollars","75","units","0","v2196625","1.2.1.5.1.1","47.80","","","","2"
"2023","Canada","2021A000011124","Average hourly wage rate","Both full- and part-time employees","Utilities [22]","Total - Gender","15 years and over","Current dollars","75","units","0","v2196625","1.2.1.5.1.1","49.27","","","","2"
"2024","Canada","2021A000011124","Average hourly wage rate","Both full- and part-time employees","Utilities [22]","Total - Gender","15 years and over","Current dollars","75","units","0","v2196625","1.2.1.5.1.1","52.85","","","","2"
"1997","Canada","2021A000011124","Average hourly wage rate","Both full- and part-time employees","Construction [23]","Total - Gender","15 years and over","Current dollars","75","units","0","v2196635","1.2.1.6.1.1","16.54","","","","2"
"1998","Canada","2021A000011124","Average hourly wage rate","Both full- and part-time employees","Construction [23]","Total - Gender","15 years and over","Current dollars","75","units","0","v2196635","1.2.1.6.1.1","17.04","","","","2"
"1999","Canada","2021A000011124","Average hourly wage rate","Both full- and part-time employees","Construction [23]","Total - Gender","15 years and over","Current dollars","75","units","0","v2196635","1.2.1.6.1.1","17.14","","","","2"
"2000","Canada","2021A000011124","Average hourly wage rate","Both full- and part-time employees","Construction [23]","Total - Gender","15 years and over","Current dollars","75","units","0","v2196635","1.2.1.6.1.1","17.79","","","","2"
"2001","Canada","2021A000011124","Average hourly wage rate","Both full- and part-time employees","Construction [23]","Total - Gender","15 years and over","Current dollars","75","units","0","v2196635","1.2.1.6.1.1","18.57","","","","2"
"2002","Canada","2021A000011124","Average hourly wage rate","Both full- and part-time employees","Construction [23]","Total - Gender","15 years and over","Current dollars","75","units","0","v2196635","1.2.1.6.1.1","19.02","","","","2"
"2003","Canada","2021A000011124","Average hourly wage rate","Both full- and part-time employees","Construction [23]","Total - Gender","15 years and over","Current dollars","75","units","0","v2196635","1.2.1.6.1.1","19.23","","","","2"
"2004","Canada","2021A000011124","Average hourly wage rate","Both full- and part-time employees","Construction [23]","Total - Gender","15 years and over","Current dollars","75","units","0","v2196635","1.2.1.6.1.1","19.56","","","","2"
"2005","Canada","2021A000011124","Average hourly wage rate","Both full- and part-time employees","Construction [23]","Total - Gender","15 years and over","Current dollars","75","units","0","v2196635","1.2.1.6.1.1","20.06","","","","2"
"2006","Canada","2021A000011124","Average hourly wage rate","Both full- and part-time employees","Construction [23]","Total - Gender","15 years and over","Current dollars","75","units","0","v2196635","1.2.1.6.1.1","21.12","","","","2"
"2007","Canada","2021A000011124","Average hourly wage rate","Both full- and part-time employees","Construction [23]","Total - Gender","15 years and over","Current dollars","75","units","0","v2196635","1.2.1.6.1.1","22.15","","","","2"
"2008","Canada","2021A000011124","Average hourly wage rate","Both full- and part-time employees","Construction [23]","Total - Gender","15 years and over","Current dollars","75","units","0","v2196635","1.2.1.6.1.1","23.40","","","","2"
"2009","Canada","2021A000011124","Average hourly wage rate","Both full- and part-time employees","Construction [23]","Total - Gender","15 years and over","Current dollars","75","units","0","v2196635","1.2.1.6.1.1","24.61","","","","2"
"2010","Canada","2021A000011124","Average hourly wage rate","Both full- and part-time employees","Construction [23]","Total - Gender","15 years and over","Current dollars","75","units","0","v2196635","1.2.1.6.1.1","24.81","","","","2"
"2011","Canada","2021A000011124","Average hourly wage rate","Both full- and part-time employees","Construction [23]","Total - Gender","15 years and over","Current dollars","75","units","0","v2196635","1.2.1.6.1.1","25.29","","","","2"
"2012","Canada","2021A000011124","Average hourly wage rate","Both full- and part-time employees","Construction [23]","Total - Gender","15 years and over","Current dollars","75","units","0","v2196635","1.2.1.6.1.1","26.22","","","","2"
"2013","Canada","2021A000011124","Average hourly wage rate","Both full- and part-time employees","Construction [23]","Total - Gender","15 years and over","Current dollars","75","units","0","v2196635","1.2.1.6.1.1","26.84","","","","2"
"2014","Canada","2021A000011124","Average hourly wage rate","Both full- and part-time employees","Construction [23]","Total - Gender","15 years and over","Current dollars","75","units","0","v2196635","1.2.1.6.1.1","27.48","","","","2"
"2015","Canada","2021A000011124","Average hourly wage rate","Both full- and part-time employees","Construction [23]","Total - Gender","15 years and over","Current dollars","75","units","0","v2196635","1.2.1.6.1.1","28.45","","","","2"
"2016","Canada","2021A000011124","Average hourly wage rate","Both full- and part-time employees","Construction [23]","Total - Gender","15 years and over","Current dollars","75","units","0","v2196635","1.2.1.6.1.1","29.05","","","","2"
"2017","Canada","2021A000011124","Average hourly wage rate","Both full- and part-time employees","Construction [23]","Total - Gender","15 years and over","Current dollars","75","units","0","v2196635","1.2.1.6.1.1","29.12","","","","2"
"2018","Canada","2021A000011124","Average hourly wage rate","Both full- and part-time employees","Construction [23]","Total - Gender","15 years and over","Current dollars","75","units","0","v2196635","1.2.1.6.1.1","29.47","","","","2"
"2019","Canada","2021A000011124","Average hourly wage rate","Both full- and part-time employees","Construction [23]","Total - Gender","15 years and over","Current dollars","75","units","0","v2196635","1.2.1.6.1.1","30.64","","","","2"
"2020","Canada","2021A000011124","Average hourly wage rate","Both full- and part-time employees","Construction [23]","Total - Gender","15 years and over","Current dollars","75","units","0","v2196635","1.2.1.6.1.1","31.41","","","","2"
"2021","Canada","2021A000011124","Average hourly wage rate","Both full- and part-time employees","Construction [23]","Total - Gender","15 years and over","Current dollars","75","units","0","v2196635","1.2.1.6.1.1","32.06","","","","2"
"2022","Canada","2021A000011124","Average hourly wage rate","Both full- and part-time employees","Construction [23]","Total - Gender","15 years and over","Current dollars","75","units","0","v2196635","1.2.1.6.1.1","33.76","","","","2"
"2023","Canada","2021A000011124","Average hourly wage rate","Both full- and part-time employees","Construction [23]","Total - Gender","15 years and over","Current dollars","75","units","0","v2196635","1.2.1.6.1.1","35.48","","","","2"
"2024","Canada","2021A000011124","Average hourly wage rate","Both full- and part-time employees","Construction [23]","Total - Gender","15 years and over","Current dollars","75","units","0","v2196635","1.2.1.6.1.1","36.66","","","","2"
"1997","Canada","2021A000011124","Average hourly wage rate","Both full- and part-time employees","Manufacturing [31-33]","Total - Gender","15 years and over","Current dollars","75","units","0","v2196640","1.2.1.7.1.1","16.34","","","","2"
"1998","Canada","2021A000011124","Average hourly wage rate","Both full- and part-time employees","Manufacturing [31-33]","Total - Gender","15 years and over","Current dollars","75","units","0","v2196640","1.2.1.7.1.1","16.53","","","","2"
"1999","Canada","2021A000011124","Average hourly wage rate","Both full- and part-time employees","Manufacturing [31-33]","Total - Gender","15 years and over","Current dollars","75","units","0","v2196640","1.2.1.7.1.1","16.87","","","","2"
"2000","Canada","2021A000011124","Average hourly wage rate","Both full- and part-time employees","Manufacturing [31-33]","Total - Gender","15 years and over","Current dollars","75","units","0","v2196640","1.2.1.7.1.1","17.55","","","","2"
"2001","Canada","2021A000011124","Average hourly wage rate","Both full- and part-time employees","Manufacturing [31-33]","Total - Gender","15 years and over","Current dollars","75","units","0","v2196640","1.2.1.7.1.1","18.04","","","","2"
"2002","Canada","2021A000011124","Average hourly wage rate","Both full- and part-time employees","Manufacturing [31-33]","Total - Gender","15 years and over","Current dollars","75","units","0","v2196640","1.2.1.7.1.1","18.40","","","","2"
"2003","Canada","2021A000011124","Average hourly wage rate","Both full- and part-time employees","Manufacturing [31-33]","Total - Gender","15 years and over","Current dollars","75","units","0","v2196640","1.2.1.7.1.1","18.93","","","","2"
"2004","Canada","2021A000011124","Average hourly wage rate","Both full- and part-time employees","Manufacturing [31-33]","Total - Gender","15 years and over","Current dollars","75","units","0","v2196640","1.2.1.7.1.1","19.34","","","","2"
"2005","Canada","2021A000011124","Average hourly wage rate","Both full- and part-time employees","Manufacturing [31-33]","Total - Gender","15 years and over","Current dollars","75","units","0","v2196640","1.2.1.7.1.1","19.87","","","","2"
"2006","Canada","2021A000011124","Average hourly wage rate","Both full- and part-time employees","Manufacturing [31-33]","Total - Gender","15 years and over","Current dollars","75","units","0","v2196640","1.2.1.7.1.1","21.01","","","","2"
"2007","Canada","2021A000011124","Average hourly wage rate","Both full- and part-time employees","Manufacturing [31-33]","Total - Gender","15 years and over","Current dollars","75","units","0","v2196640","1.2.1.7.1.1","21.66","","","","2"
"2008","Canada","2021A000011124","Average hourly wage rate","Both full- and part-time employees","Manufacturing [31-33]","Total - Gender","15 years and over","Current dollars","75","units","0","v2196640","1.2.1.7.1.1","22.46","","","","2"
"2009","Canada","2021A000011124","Average hourly wage rate","Both full- and part-time employees","Manufacturing [31-33]","Total - Gender","15 years and over","Current dollars","75","units","0","v2196640","1.2.1.7.1.1","23.14","","","","2"
"2010","Canada","2021A000011124","Average hourly wage rate","Both full- and part-time employees","Manufacturing [31-33]","Total - Gender","15 years and over","Current dollars","75","units","0","v2196640","1.2.1.7.1.1","23.63","","","","2"
"2011","Canada","2021A000011124","Average hourly wage rate","Both full- and part-time employees","Manufacturing [31-33]","Total - Gender","15 years and over","Current dollars","75","units","0","v2196640","1.2.1.7.1.1","23.74","","","","2"
"2012","Canada","2021A000011124","Average hourly wage rate","Both full- and part-time employees","Manufacturing [31-33]","Total - Gender","15 years and over","Current dollars","75","units","0","v2196640","1.2.1.7.1.1","23.99","","","","2"
"2013","Canada","2021A000011124","Average hourly wage rate","Both full- and part-time employees","Manufacturing [31-33]","Total - Gender","15 years and over","Current dollars","75","units","0","v2196640","1.2.1.7.1.1","24.54","","","","2"
"2014","Canada","2021A000011124","Average hourly wage rate","Both full- and part-time employees","Manufacturing [31-33]","Total - Gender","15 years and over","Current dollars","75","units","0","v2196640","1.2.1.7.1.1","25.14","","","","2"
"2015","Canada","2021A000011124","Average hourly wage rate","Both full- and part-time employees","Manufacturing [31-33]","Total - Gender","15 years and over","Current dollars","75","units","0","v2196640","1.2.1.7.1.1","25.51","","","","2"
"2016","Canada","2021A000011124","Average hourly wage rate","Both full- and part-time employees","Manufacturing [31-33]","Total - Gender","15 years and over","Current dollars","75","units","0","v2196640","1.2.1.7.1.1","25.81","","","","2"
"2017","Canada","2021A000011124","Average hourly wage rate","Both full- and part-time employees","Manufacturing [31-33]","Total - Gender","15 years and over","Current dollars","75","units","0","v2196640","1.2.1.7.1.1","26.11","","","","2"
"2018","Canada","2021A000011124","Average hourly wage rate","Both full- and part-time employees","Manufacturing [31-33]","Total - Gender","15 years and over","Current dollars","75","units","0","v2196640","1.2.1.7.1.1","26.86","","","","2"
"2019","Canada","2021A000011124","Average hourly wage rate","Both full- and part-time employees","Manufacturing [31-33]","Total - Gender","15 years and over","Current dollars","75","units","0","v2196640","1.2.1.7.1.1","27.88","","","","2"
"2020","Canada","2021A000011124","Average hourly wage rate","Both full- and part-time employees","Manufacturing [31-33]","Total - Gender","15 years and over","Current dollars","75","units","0","v2196640","1.2.1.7.1.1","29.13","","","","2"
"2021","Canada","2021A000011124","Average hourly wage rate","Both full- and part-time employees","Manufacturing [31-33]","Total - Gender","15 years and over","Current dollars","75","units","0","v2196640","1.2.1.7.1.1","29.26","","","","2"
"2022","Canada","2021A000011124","Average hourly wage rate","Both full- and part-time employees","Manufacturing [31-33]","Total - Gender","15 years and over","Current dollars","75","units","0","v2196640","1.2.1.7.1.1","31.04","","","","2"
"2023","Canada","2021A000011124","Average hourly wage rate","Both full- and part-time employees","Manufacturing [31-33]","Total - Gender","15 years and over","Current dollars","75","units","0","v2196640","1.2.1.7.1.1","33.13","","","","2"
"2024","Canada","2021A000011124","Average hourly wage rate","Both full- and part-time employees","Manufacturing [31-33]","Total - Gender","15 years and over","Current dollars","75","units","0","v2196640","1.2.1.7.1.1","34.32","","","","2"
"1997","Canada","2021A000011124","Average hourly wage rate","Both full- and part-time employees","Services-producing sector","Total - Gender","15 years and over","Current dollars","75","units","0","v2196630","1.2.1.8.1.1","15.25","","","","2"
"1998","Canada","2021A000011124","Average hourly wage rate","Both full- and part-time employees","Services-producing sector","Total - Gender","15 years and over","Current dollars","75","units","0","v2196630","1.2.1.8.1.1","15.42","","","","2"
"1999","Canada","2021A000011124","Average hourly wage rate","Both full- and part-time employees","Services-producing sector","Total - Gender","15 years and over","Current dollars","75","units","0","v2196630","1.2.1.8.1.1","15.83","","","","2"
"2000","Canada","2021A000011124","Average hourly wage rate","Both full- and part-time employees","Services-producing sector","Total - Gender","15 years and over","Current dollars","75","units","0","v2196630","1.2.1.8.1.1","16.28","","","","2"
"2001","Canada","2021A000011124","Average hourly wage rate","Both full- and part-time employees","Services-producing sector","Total - Gender","15 years and over","Current dollars","75","units","0","v2196630","1.2.1.8.1.1","16.83","","","","2"
"2002","Canada","2021A000011124","Average hourly wage rate","Both full- and part-time employees","Services-producing sector","Total - Gender","15 years and over","Current dollars","75","units","0","v2196630","1.2.1.8.1.1","17.26","","","","2"
"2003","Canada","2021A000011124","Average hourly wage rate","Both full- and part-time employees","Services-producing sector","Total - Gender","15 years and over","Current dollars","75","units","0","v2196630","1.2.1.8.1.1","17.63","","","","2"
"2004","Canada","2021A000011124","Average hourly wage rate","Both full- and part-time employees","Services-producing sector","Total - Gender","15 years and over","Current dollars","75","units","0","v2196630","1.2.1.8.1.1","18.09","","","","2"
"2005","Canada","2021A000011124","Average hourly wage rate","Both full- and part-time employees","Services-producing sector","Total - Gender","15 years and over","Current dollars","75","units","0","v2196630","1.2.1.8.1.1","18.70","","","","2"
"2006","Canada","2021A000011124","Average hourly wage rate","Both full- and part-time employees","Services-producing sector","Total - Gender","15 years and over","Current dollars","75","units","0","v2196630","1.2.1.8.1.1","19.72","","","","2"
"2007","Canada","2021A000011124","Average hourly wage rate","Both full- and part-time employees","Services-producing sector","Total - Gender","15 years and over","Current dollars","75","units","0","v2196630","1.2.1.8.1.1","20.53","","","","2"
"2008","Canada","2021A000011124","Average hourly wage rate","Both full- and part-time employees","Services-producing sector","Total - Gender","15 years and over","Current dollars","75","units","0","v2196630","1.2.1.8.1.1","21.33","","","","2"
"2009","Canada","2021A000011124","Average hourly wage rate","Both full- and part-time employees","Services-producing sector","Total - Gender","15 years and over","Current dollars","75","units","0","v2196630","1.2.1.8.1.1","22.10","","","","2"
"2010","Canada","2021A000011124","Average hourly wage rate","Both full- and part-time employees","Services-producing sector","Total - Gender","15 years and over","Current dollars","75","units","0","v2196630","1.2.1.8.1.1","22.55","","","","2"
"2011","Canada","2021A000011124","Average hourly wage rate","Both full- and part-time employees","Services-producing sector","Total - Gender","15 years and over","Current dollars","75","units","0","v2196630","1.2.1.8.1.1","23.10","","","","2"
"2012","Canada","2021A000011124","Average hourly wage rate","Both full- and part-time employees","Services-producing sector","Total - Gender","15 years and over","Current dollars","75","units","0","v2196630","1.2.1.8.1.1","23.67","","","","2"
"2013","Canada","2021A000011124","Average hourly wage rate","Both full- and part-time employees","Services-producing sector","Total - Gender","15 years and over","Current dollars","75","units","0","v2196630","1.2.1.8.1.1","24.19","","","","2"
"2014","Canada","2021A000011124","Average hourly wage rate","Both full- and part-time employees","Services-producing sector","Total - Gender","15 years and over","Current dollars","75","units","0","v2196630","1.2.1.8.1.1","24.53","","","","2"
"2015","Canada","2021A000011124","Average hourly wage rate","Both full- and part-time employees","Services-producing sector","Total - Gender","15 years and over","Current dollars","75","units","0","v2196630","1.2.1.8.1.1","25.27","","","","2"
"2016","Canada","2021A000011124","Average hourly wage rate","Both full- and part-time employees","Services-producing sector","Total - Gender","15 years and over","Current dollars","75","units","0","v2196630","1.2.1.8.1.1","25.86","","","","2"
"2017","Canada","2021A000011124","Average hourly wage rate","Both full- and part-time employees","Services-producing sector","Total - Gender","15 years and over","Current dollars","75","units","0","v2196630","1.2.1.8.1.1","26.30","","","","2"
"2018","Canada","2021A000011124","Average hourly wage rate","Both full- and part-time employees","Services-producing sector","Total - Gender","15 years and over","Current dollars","75","units","0","v2196630","1.2.1.8.1.1","27.07","","","","2"
"2019","Canada","2021A000011124","Average hourly wage rate","Both full- and part-time employees","Services-producing sector","Total - Gender","15 years and over","Current dollars","75","units","0","v2196630","1.2.1.8.1.1","27.81","","","","2"
"2020","Canada","2021A000011124","Average hourly wage rate","Both full- and part-time employees","Services-producing sector","Total - Gender","15 years and over","Current dollars","75","units","0","v2196630","1.2.1.8.1.1","29.68","","","","2"
"2021","Canada","2021A000011124","Average hourly wage rate","Both full- and part-time employees","Services-producing sector","Total - Gender","15 years and over","Current dollars","75","units","0","v2196630","1.2.1.8.1.1","30.37","","","","2"
"2022","Canada","2021A000011124","Average hourly wage rate","Both full- and part-time employees","Services-producing sector","Total - Gender","15 years and over","Current dollars","75","units","0","v2196630","1.2.1.8.1.1","31.60","","","","2"
"2023","Canada","2021A000011124","Average hourly wage rate","Both full- and part-time employees","Services-producing sector","Total - Gender","15 years and over","Current dollars","75","units","0","v2196630","1.2.1.8.1.1","33.07","","","","2"
"2024","Canada","2021A000011124","Average hourly wage rate","Both full- and part-time employees","Services-producing sector","Total - Gender","15 years and over","Current dollars","75","units","0","v2196630","1.2.1.8.1.1","34.74","","","","2"
"1997","Canada","2021A000011124","Average hourly wage rate","Both full- and part-time employees","Wholesale and retail trade [41, 44-45]","Total - Gender","15 years and over","Current dollars","75","units","0","v2196645","1.2.1.9.1.1","11.98","","","","2"
"1998","Canada","2021A000011124","Average hourly wage rate","Both full- and part-time employees","Wholesale and retail trade [41, 44-45]","Total - Gender","15 years and over","Current dollars","75","units","0","v2196645","1.2.1.9.1.1","12.15","","","","2"
"1999","Canada","2021A000011124","Average hourly wage rate","Both full- and part-time employees","Wholesale and retail trade [41, 44-45]","Total - Gender","15 years and over","Current dollars","75","units","0","v2196645","1.2.1.9.1.1","12.53","","","","2"
"2000","Canada","2021A000011124","Average hourly wage rate","Both full- and part-time employees","Wholesale and retail trade [41, 44-45]","Total - Gender","15 years and over","Current dollars","75","units","0","v2196645","1.2.1.9.1.1","12.83","","","","2"
"2001","Canada","2021A000011124","Average hourly wage rate","Both full- and part-time employees","Wholesale and retail trade [41, 44-45]","Total - Gender","15 years and over","Current dollars","75","units","0","v2196645","1.2.1.9.1.1","13.21","","","","2"
"2002","Canada","2021A000011124","Average hourly wage rate","Both full- and part-time employees","Wholesale and retail trade [41, 44-45]","Total - Gender","15 years and over","Current dollars","75","units","0","v2196645","1.2.1.9.1.1","13.42","","","","2"
"2003","Canada","2021A000011124","Average hourly wage rate","Both full- and part-time employees","Wholesale and retail trade [41, 44-45]","Total - Gender","15 years and over","Current dollars","75","units","0","v2196645","1.2.1.9.1.1","13.72","","","","2"
"2004","Canada","2021A000011124","Average hourly wage rate","Both full- and part-time employees","Wholesale and retail trade [41, 44-45]","Total - Gender","15 years and over","Current dollars","75","units","0","v2196645","1.2.1.9.1.1","14.07","","","","2"
"2005","Canada","2021A000011124","Average hourly wage rate","Both full- and part-time employees","Wholesale and retail trade [41, 44-45]","Total - Gender","15 years and over","Current dollars","75","units","0","v2196645","1.2.1.9.1.1","14.46","","","","2"
"2006","Canada","2021A000011124","Average hourly wage rate","Both full- and part-time employees","Wholesale and retail trade [41, 44-45]","Total - Gender","15 years and over","Current dollars","75","units","0","v2196645","1.2.1.9.1.1","15.06","","","","2"
"2007","Canada","2021A000011124","Average hourly wage rate","Both full- and part-time employees","Wholesale and retail trade [41, 44-45]","Total - Gender","15 years and over","Current dollars","75","units","0","v2196645","1.2.1.9.1.1","15.67","","","","2"
"2008","Canada","2021A000011124","Average hourly wage rate","Both full- and part-time employees","Wholesale and retail trade [41, 44-45]","Total - Gender","15 years and over","Current dollars","75","units","0","v2196645","1.2.1.9.1.1","16.17","","","","2"
"2009","Canada","2021A000011124","Average hourly wage rate","Both full- and part-time employees","Wholesale and retail trade [41, 44-45]","Total - Gender","15 years and over","Current dollars","75","units","0","v2196645","1.2.1.9.1.1","16.85","","","","2"
"2010","Canada","2021A000011124","Average hourly wage rate","Both full- and part-time employees","Wholesale and retail trade [41, 44-45]","Total - Gender","15 years and over","Current dollars","75","units","0","v2196645","1.2.1.9.1.1","17.15","","","","2"
"2011","Canada","2021A000011124","Average hourly wage rate","Both full- and part-time employees","Wholesale and retail trade [41, 44-45]","Total - Gender","15 years and over","Current dollars","75","units","0","v2196645","1.2.1.9.1.1","17.56","","","","2"
"2012","Canada","2021A000011124","Average hourly wage rate","Both full- and part-time employees","Wholesale and retail trade [41, 44-45]","Total - Gender","15 years and over","Current dollars","75","units","0","v2196645","1.2.1.9.1.1","17.81","","","","2"
"2013","Canada","2021A000011124","Average hourly wage rate","Both full- and part-time employees","Wholesale and retail trade [41, 44-45]","Total - Gender","15 years and over","Current dollars","75","units","0","v2196645","1.2.1.9.1.1","18.30","","","","2"
"2014","Canada","2021A000011124","Average hourly wage rate","Both full- and part-time employees","Wholesale and retail trade [41, 44-45]","Total - Gender","15 years and over","Current dollars","75","units","0","v2196645","1.2.1.9.1.1","19.00","","","","2"
"2015","Canada","2021A000011124","Average hourly wage rate","Both full- and part-time employees","Wholesale and retail trade [41, 44-45]","Total - Gender","15 years and over","Current dollars","75","units","0","v2196645","1.2.1.9.1.1","19.69","","","","2"
"2016","Canada","2021A000011124","Average hourly wage rate","Both full- and part-time employees","Wholesale and retail trade [41, 44-45]","Total - Gender","15 years and over","Current dollars","75","units","0","v2196645","1.2.1.9.1.1","20.31","","","","2"
"2017","Canada","2021A000011124","Average hourly wage rate","Both full- and part-time employees","Wholesale and retail trade [41, 44-45]","Total - Gender","15 years and over","Current dollars","75","units","0","v2196645","1.2.1.9.1.1","20.93","","","","2"
"2018","Canada","2021A000011124","Average hourly wage rate","Both full- and part-time employees","Wholesale and retail trade [41, 44-45]","Total - Gender","15 years and over","Current dollars","75","units","0","v2196645","1.2.1.9.1.1","21.38","","","","2"
"2019","Canada","2021A000011124","Average hourly wage rate","Both full- and part-time employees","Wholesale and retail trade [41, 44-45]","Total - Gender","15 years and over","Current dollars","75","units","0","v2196645","1.2.1.9.1.1","22.04","","","","2"
"2020","Canada","2021A000011124","Average hourly wage rate","Both full- and part-time employees","Wholesale and retail trade [41, 44-45]","Total - Gender","15 years and over","Current dollars","75","units","0","v2196645","1.2.1.9.1.1","23.05","","","","2"
"2021","Canada","2021A000011124","Average hourly wage rate","Both full- and part-time employees","Wholesale and retail trade [41, 44-45]","Total - Gender","15 years and over","Current dollars","75","units","0","v2196645","1.2.1.9.1.1","23.50","","","","2"
"2022","Canada","2021A000011124","Average hourly wage rate","Both full- and part-time employees","Wholesale and retail trade [41, 44-45]","Total - Gender","15 years and over","Current dollars","75","units","0","v2196645","1.2.1.9.1.1","24.72","","","","2"
"2023","Canada","2021A000011124","Average hourly wage rate","Both full- and part-time employees","Wholesale and retail trade [41, 44-45]","Total - Gender","15 years and over","Current dollars","75","units","0","v2196645","1.2.1.9.1.1","25.96","","","","2"
"2024","Canada","2021A000011124","Average hourly wage rate","Both full- and part-time employees","Wholesale and retail trade [41, 44-45]","Total - Gender","15 years and over","Current dollars","75","units","0","v2196645","1.2.1.9.1.1","27.10","","","","2"
"1997","Canada","2021A000011124","Average hourly wage rate","Both full- and part-time employees","Transportation and warehousing [48-49]","Total - Gender","15 years and over","Current dollars","75","units","0","v2196650","1.2.1.10.1.1","16.04","","","","2"
"1998","Canada","2021A000011124","Average hourly wage rate","Both full- and part-time employees","Transportation and warehousing [48-49]","Total - Gender","15 years and over","Current dollars","75","units","0","v2196650","1.2.1.10.1.1","16.30","","","","2"
"1999","Canada","2021A000011124","Average hourly wage rate","Both full- and part-time employees","Transportation and warehousing [48-49]","Total - Gender","15 years and over","Current dollars","75","units","0","v2196650","1.2.1.10.1.1","16.59","","","","2"
"2000","Canada","2021A000011124","Average hourly wage rate","Both full- and part-time employees","Transportation and warehousing [48-49]","Total - Gender","15 years and over","Current dollars","75","units","0","v2196650","1.2.1.10.1.1","17.36","","","","2"
"2001","Canada","2021A000011124","Average hourly wage rate","Both full- and part-time employees","Transportation and warehousing [48-49]","Total - Gender","15 years and over","Current dollars","75","units","0","v2196650","1.2.1.10.1.1","17.80","","","","2"
"2002","Canada","2021A000011124","Average hourly wage rate","Both full- and part-time employees","Transportation and warehousing [48-49]","Total - Gender","15 years and over","Current dollars","75","units","0","v2196650","1.2.1.10.1.1","18.16","","","","2"
"2003","Canada","2021A000011124","Average hourly wage rate","Both full- and part-time employees","Transportation and warehousing [48-49]","Total - Gender","15 years and over","Current dollars","75","units","0","v2196650","1.2.1.10.1.1","18.50","","","","2"
"2004","Canada","2021A000011124","Average hourly wage rate","Both full- and part-time employees","Transportation and warehousing [48-49]","Total - Gender","15 years and over","Current dollars","75","units","0","v2196650","1.2.1.10.1.1","18.75","","","","2"
"2005","Canada","2021A000011124","Average hourly wage rate","Both full- and part-time employees","Transportation and warehousing [48-49]","Total - Gender","15 years and over","Current dollars","75","units","0","v2196650","1.2.1.10.1.1","19.13","","","","2"
"2006","Canada","2021A000011124","Average hourly wage rate","Both full- and part-time employees","Transportation and warehousing [48-49]","Total - Gender","15 years and over","Current dollars","75","units","0","v2196650","1.2.1.10.1.1","20.34","","","","2"
"2007","Canada","2021A000011124","Average hourly wage rate","Both full- and part-time employees","Transportation and warehousing [48-49]","Total - Gender","15 years and over","Current dollars","75","units","0","v2196650","1.2.1.10.1.1","21.41","","","","2"
"2008","Canada","2021A000011124","Average hourly wage rate","Both full- and part-time employees","Transportation and warehousing [48-49]","Total - Gender","15 years and over","Current dollars","75","units","0","v2196650","1.2.1.10.1.1","21.84","","","","2"
"2009","Canada","2021A000011124","Average hourly wage rate","Both full- and part-time employees","Transportation and warehousing [48-49]","Total - Gender","15 years and over","Current dollars","75","units","0","v2196650","1.2.1.10.1.1","22.86","","","","2"
"2010","Canada","2021A000011124","Average hourly wage rate","Both full- and part-time employees","Transportation and warehousing [48-49]","Total - Gender","15 years and over","Current dollars","75","units","0","v2196650","1.2.1.10.1.1","23.02","","","","2"
"2011","Canada","2021A000011124","Average hourly wage rate","Both full- and part-time employees","Transportation and warehousing [48-49]","Total - Gender","15 years and over","Current dollars","75","units","0","v2196650","1.2.1.10.1.1","23.40","","","","2"
"2012","Canada","2021A000011124","Average hourly wage rate","Both full- and part-time employees","Transportation and warehousing [48-49]","Total - Gender","15 years and over","Current dollars","75","units","0","v2196650","1.2.1.10.1.1","23.96","","","","2"
"2013","Canada","2021A000011124","Average hourly wage rate","Both full- and part-time employees","Transportation and warehousing [48-49]","Total - Gender","15 years and over","Current dollars","75","units","0","v2196650","1.2.1.10.1.1","24.89","","","","2"
"2014","Canada","2021A000011124","Average hourly wage rate","Both full- and part-time employees","Transportation and warehousing [48-49]","Total - Gender","15 years and over","Current dollars","75","units","0","v2196650","1.2.1.10.1.1","24.61","","","","2"
"2015","Canada","2021A000011124","Average hourly wage rate","Both full- and part-time employees","Transportation and warehousing [48-49]","Total - Gender","15 years and over","Current dollars","75","units","0","v2196650","1.2.1.10.1.1","25.51","","","","2"
"2016","Canada","2021A000011124","Average hourly wage rate","Both full- and part-time employees","Transportation and warehousing [48-49]","Total - Gender","15 years and over","Current dollars","75","units","0","v2196650","1.2.1.10.1.1","26.07","","","","2"
"2017","Canada","2021A000011124","Average hourly wage rate","Both full- and part-time employees","Transportation and warehousing [48-49]","Total - Gender","15 years and over","Current dollars","75","units","0","v2196650","1.2.1.10.1.1","26.65","","","","2"
"2018","Canada","2021A000011124","Average hourly wage rate","Both full- and part-time employees","Transportation and warehousing [48-49]","Total - Gender","15 years and over","Current dollars","75","units","0","v2196650","1.2.1.10.1.1","27.39","","","","2"
"2019","Canada","2021A000011124","Average hourly wage rate","Both full- and part-time employees","Transportation and warehousing [48-49]","Total - Gender","15 years and over","Current dollars","75","units","0","v2196650","1.2.1.10.1.1","27.65","","","","2"
"2020","Canada","2021A000011124","Average hourly wage rate","Both full- and part-time employees","Transportation and warehousing [48-49]","Total - Gender","15 years and over","Current dollars","75","units","0","v2196650","1.2.1.10.1.1","28.91","","","","2"
"2021","Canada","2021A000011124","Average hourly wage rate","Both full- and part-time employees","Transportation and warehousing [48-49]","Total - Gender","15 years and over","Current dollars","75","units","0","v2196650","1.2.1.10.1.1","29.94","","","","2"
"2022","Canada","2021A000011124","Average hourly wage rate","Both full- and part-time employees","Transportation and warehousing [48-49]","Total - Gender","15 years and over","Current dollars","75","units","0","v2196650","1.2.1.10.1.1","30.37","","","","2"
"2023","Canada","2021A000011124","Average hourly wage rate","Both full- and part-time employees","Transportation and warehousing [48-49]","Total - Gender","15 years and over","Current dollars","75","units","0","v2196650","1.2.1.10.1.1","32.09","","","","2"
"2024","Canada","2021A000011124","Average hourly wage rate","Both full- and part-time employees","Transportation and warehousing [48-49]","Total - Gender","15 years and over","Current dollars","75","units","0","v2196650","1.2.1.10.1.1","33.42","","","","2"
"1997","Canada","2021A000011124","Average hourly wage rate","Both full- and part-time employees","Finance, insurance, real estate, rental and leasing [52-53]","Total - Gender","15 years and over","Current dollars","75","units","0","v2196655","1.2.1.11.1.1","16.57","","","","2"
"1998","Canada","2021A000011124","Average hourly wage rate","Both full- and part-time employees","Finance, insurance, real estate, rental and leasing [52-53]","Total - Gender","15 years and over","Current dollars","75","units","0","v2196655","1.2.1.11.1.1","16.94","","","","2"
"1999","Canada","2021A000011124","Average hourly wage rate","Both full- and part-time employees","Finance, insurance, real estate, rental and leasing [52-53]","Total - Gender","15 years and over","Current dollars","75","units","0","v2196655","1.2.1.11.1.1","17.59","","","","2"
"2000","Canada","2021A000011124","Average hourly wage rate","Both full- and part-time employees","Finance, insurance, real estate, rental and leasing [52-53]","Total - Gender","15 years and over","Current dollars","75","units","0","v2196655","1.2.1.11.1.1","18.19","","","","2"
"2001","Canada","2021A000011124","Average hourly wage rate","Both full- and part-time employees","Finance, insurance, real estate, rental and leasing [52-53]","Total - Gender","15 years and over","Current dollars","75","units","0","v2196655","1.2.1.11.1.1","18.99","","","","2"
"2002","Canada","2021A000011124","Average hourly wage rate","Both full- and part-time employees","Finance, insurance, real estate, rental and leasing [52-53]","Total - Gender","15 years and over","Current dollars","75","units","0","v2196655","1.2.1.11.1.1","19.77","","","","2"
"2003","Canada","2021A000011124","Average hourly wage rate","Both full- and part-time employees","Finance, insurance, real estate, rental and leasing [52-53]","Total - Gender","15 years and over","Current dollars","75","units","0","v2196655","1.2.1.11.1.1","19.67","","","","2"
"2004","Canada","2021A000011124","Average hourly wage rate","Both full- and part-time employees","Finance, insurance, real estate, rental and leasing [52-53]","Total - Gender","15 years and over","Current dollars","75","units","0","v2196655","1.2.1.11.1.1","20.35","","","","2"
"2005","Canada","2021A000011124","Average hourly wage rate","Both full- and part-time employees","Finance, insurance, real estate, rental and leasing [52-53]","Total - Gender","15 years and over","Current dollars","75","units","0","v2196655","1.2.1.11.1.1","21.03","","","","2"
"2006","Canada","2021A000011124","Average hourly wage rate","Both full- and part-time employees","Finance, insurance, real estate, rental and leasing [52-53]","Total - Gender","15 years and over","Current dollars","75","units","0","v2196655","1.2.1.11.1.1","22.93","","","","2"
"2007","Canada","2021A000011124","Average hourly wage rate","Both full- and part-time employees","Finance, insurance, real estate, rental and leasing [52-53]","Total - Gender","15 years and over","Current dollars","75","units","0","v2196655","1.2.1.11.1.1","24.04","","","","2"
"2008","Canada","2021A000011124","Average hourly wage rate","Both full- and part-time employees","Finance, insurance, real estate, rental and leasing [52-53]","Total - Gender","15 years and over","Current dollars","75","units","0","v2196655","1.2.1.11.1.1","25.75","","","","2"
"2009","Canada","2021A000011124","Average hourly wage rate","Both full- and part-time employees","Finance, insurance, real estate, rental and leasing [52-53]","Total - Gender","15 years and over","Current dollars","75","units","0","v2196655","1.2.1.11.1.1","25.88","","","","2"
"2010","Canada","2021A000011124","Average hourly wage rate","Both full- and part-time employees","Finance, insurance, real estate, rental and leasing [52-53]","Total - Gender","15 years and over","Current dollars","75","units","0","v2196655","1.2.1.11.1.1","25.98","","","","2"
"2011","Canada","2021A000011124","Average hourly wage rate","Both full- and part-time employees","Finance, insurance, real estate, rental and leasing [52-53]","Total - Gender","15 years and over","Current dollars","75","units","0","v2196655","1.2.1.11.1.1","26.73","","","","2"
"2012","Canada","2021A000011124","Average hourly wage rate","Both full- and part-time employees","Finance, insurance, real estate, rental and leasing [52-53]","Total - Gender","15 years and over","Current dollars","75","units","0","v2196655","1.2.1.11.1.1","28.22","","","","2"
"2013","Canada","2021A000011124","Average hourly wage rate","Both full- and part-time employees","Finance, insurance, real estate, rental and leasing [52-53]","Total - Gender","15 years and over","Current dollars","75","units","0","v2196655","1.2.1.11.1.1","28.43","","","","2"
"2014","Canada","2021A000011124","Average hourly wage rate","Both full- and part-time employees","Finance, insurance, real estate, rental and leasing [52-53]","Total - Gender","15 years and over","Current dollars","75","units","0","v2196655","1.2.1.11.1.1","29.35","","","","2"
"2015","Canada","2021A000011124","Average hourly wage rate","Both full- and part-time employees","Finance, insurance, real estate, rental and leasing [52-53]","Total - Gender","15 years and over","Current dollars","75","units","0","v2196655","1.2.1.11.1.1","30.38","","","","2"
"2016","Canada","2021A000011124","Average hourly wage rate","Both full- and part-time employees","Finance, insurance, real estate, rental and leasing [52-53]","Total - Gender","15 years and over","Current dollars","75","units","0","v2196655","1.2.1.11.1.1","31.32","","","","2"
"2017","Canada","2021A000011124","Average hourly wage rate","Both full- and part-time employees","Finance, insurance, real estate, rental and leasing [52-53]","Total - Gender","15 years and over","Current dollars","75","units","0","v2196655","1.2.1.11.1.1","31.90","","","","2"
"2018","Canada","2021A000011124","Average hourly wage rate","Both full- and part-time employees","Finance, insurance, real estate, rental and leasing [52-53]","Total - Gender","15 years and over","Current dollars","75","units","0","v2196655","1.2.1.11.1.1","32.95","","","","2"
"2019","Canada","2021A000011124","Average hourly wage rate","Both full- and part-time employees","Finance, insurance, real estate, rental and leasing [52-53]","Total - Gender","15 years and over","Current dollars","75","units","0","v2196655","1.2.1.11.1.1","33.66","","","","2"
"2020","Canada","2021A000011124","Average hourly wage rate","Both full- and part-time employees","Finance, insurance, real estate, rental and leasing [52-53]","Total - Gender","15 years and over","Current dollars","75","units","0","v2196655","1.2.1.11.1.1","35.93","","","","2"
"2021","Canada","2021A000011124","Average hourly wage rate","Both full- and part-time employees","Finance, insurance, real estate, rental and leasing [52-53]","Total - Gender","15 years and over","Current dollars","75","units","0","v2196655","1.2.1.11.1.1","37.38","","","","2"
"2022","Canada","2021A000011124","Average hourly wage rate","Both full- and part-time employees","Finance, insurance, real estate, rental and leasing [52-53]","Total - Gender","15 years and over","Current dollars","75","units","0","v2196655","1.2.1.11.1.1","38.79","","","","2"
"2023","Canada","2021A000011124","Average hourly wage rate","Both full- and part-time employees","Finance, insurance, real estate, rental and leasing [52-53]","Total - Gender","15 years and over","Current dollars","75","units","0","v2196655","1.2.1.11.1.1","40.90","","","","2"
"2024","Canada","2021A000011124","Average hourly wage rate","Both full- and part-time employees","Finance, insurance, real estate, rental and leasing [52-53]","Total - Gender","15 years and over","Current dollars","75","units","0","v2196655","1.2.1.11.1.1","42.80","","","","2"
"1997","Canada","2021A000011124","Average hourly wage rate","Both full- and part-time employees","Professional, scientific and technical services [54]","Total - Gender","15 years and over","Current dollars","75","units","0","v2196700","1.2.1.12.1.1","18.37","","","","2"
"1998","Canada","2021A000011124","Average hourly wage rate","Both full- and part-time employees","Professional, scientific and technical services [54]","Total - Gender","15 years and over","Current dollars","75","units","0","v2196700","1.2.1.12.1.1","18.65","","","","2"
"1999","Canada","2021A000011124","Average hourly wage rate","Both full- and part-time employees","Professional, scientific and technical services [54]","Total - Gender","15 years and over","Current dollars","75","units","0","v2196700","1.2.1.12.1.1","19.94","","","","2"
"2000","Canada","2021A000011124","Average hourly wage rate","Both full- and part-time employees","Professional, scientific and technical services [54]","Total - Gender","15 years and over","Current dollars","75","units","0","v2196700","1.2.1.12.1.1","20.88","","","","2"
"2001","Canada","2021A000011124","Average hourly wage rate","Both full- and part-time employees","Professional, scientific and technical services [54]","Total - Gender","15 years and over","Current dollars","75","units","0","v2196700","1.2.1.12.1.1","21.71","","","","2"
"2002","Canada","2021A000011124","Average hourly wage rate","Both full- and part-time employees","Professional, scientific and technical services [54]","Total - Gender","15 years and over","Current dollars","75","units","0","v2196700","1.2.1.12.1.1","22.28","","","","2"
"2003","Canada","2021A000011124","Average hourly wage rate","Both full- and part-time employees","Professional, scientific and technical services [54]","Total - Gender","15 years and over","Current dollars","75","units","0","v2196700","1.2.1.12.1.1","22.76","","","","2"
"2004","Canada","2021A000011124","Average hourly wage rate","Both full- and part-time employees","Professional, scientific and technical services [54]","Total - Gender","15 years and over","Current dollars","75","units","0","v2196700","1.2.1.12.1.1","23.33","","","","2"
"2005","Canada","2021A000011124","Average hourly wage rate","Both full- and part-time employees","Professional, scientific and technical services [54]","Total - Gender","15 years and over","Current dollars","75","units","0","v2196700","1.2.1.12.1.1","24.36","","","","2"
"2006","Canada","2021A000011124","Average hourly wage rate","Both full- and part-time employees","Professional, scientific and technical services [54]","Total - Gender","15 years and over","Current dollars","75","units","0","v2196700","1.2.1.12.1.1","26.06","","","","2"
"2007","Canada","2021A000011124","Average hourly wage rate","Both full- and part-time employees","Professional, scientific and technical services [54]","Total - Gender","15 years and over","Current dollars","75","units","0","v2196700","1.2.1.12.1.1","27.27","","","","2"
"2008","Canada","2021A000011124","Average hourly wage rate","Both full- and part-time employees","Professional, scientific and technical services [54]","Total - Gender","15 years and over","Current dollars","75","units","0","v2196700","1.2.1.12.1.1","28.43","","","","2"
"2009","Canada","2021A000011124","Average hourly wage rate","Both full- and part-time employees","Professional, scientific and technical services [54]","Total - Gender","15 years and over","Current dollars","75","units","0","v2196700","1.2.1.12.1.1","29.09","","","","2"
"2010","Canada","2021A000011124","Average hourly wage rate","Both full- and part-time employees","Professional, scientific and technical services [54]","Total - Gender","15 years and over","Current dollars","75","units","0","v2196700","1.2.1.12.1.1","29.13","","","","2"
"2011","Canada","2021A000011124","Average hourly wage rate","Both full- and part-time employees","Professional, scientific and technical services [54]","Total - Gender","15 years and over","Current dollars","75","units","0","v2196700","1.2.1.12.1.1","30.18","","","","2"
"2012","Canada","2021A000011124","Average hourly wage rate","Both full- and part-time employees","Professional, scientific and technical services [54]","Total - Gender","15 years and over","Current dollars","75","units","0","v2196700","1.2.1.12.1.1","31.32","","","","2"
"2013","Canada","2021A000011124","Average hourly wage rate","Both full- and part-time employees","Professional, scientific and technical services [54]","Total - Gender","15 years and over","Current dollars","75","units","0","v2196700","1.2.1.12.1.1","31.94","","","","2"
"2014","Canada","2021A000011124","Average hourly wage rate","Both full- and part-time employees","Professional, scientific and technical services [54]","Total - Gender","15 years and over","Current dollars","75","units","0","v2196700","1.2.1.12.1.1","32.11","","","","2"
"2015","Canada","2021A000011124","Average hourly wage rate","Both full- and part-time employees","Professional, scientific and technical services [54]","Total - Gender","15 years and over","Current dollars","75","units","0","v2196700","1.2.1.12.1.1","32.94","","","","2"
"2016","Canada","2021A000011124","Average hourly wage rate","Both full- and part-time employees","Professional, scientific and technical services [54]","Total - Gender","15 years and over","Current dollars","75","units","0","v2196700","1.2.1.12.1.1","34.21","","","","2"
"2017","Canada","2021A000011124","Average hourly wage rate","Both full- and part-time employees","Professional, scientific and technical services [54]","Total - Gender","15 years and over","Current dollars","75","units","0","v2196700","1.2.1.12.1.1","34.27","","","","2"
"2018","Canada","2021A000011124","Average hourly wage rate","Both full- and part-time employees","Professional, scientific and technical services [54]","Total - Gender","15 years and over","Current dollars","75","units","0","v2196700","1.2.1.12.1.1","34.99","","","","2"
"2019","Canada","2021A000011124","Average hourly wage rate","Both full- and part-time employees","Professional, scientific and technical services [54]","Total - Gender","15 years and over","Current dollars","75","units","0","v2196700","1.2.1.12.1.1","36.16","","","","2"
"2020","Canada","2021A000011124","Average hourly wage rate","Both full- and part-time employees","Professional, scientific and technical services [54]","Total - Gender","15 years and over","Current dollars","75","units","0","v2196700","1.2.1.12.1.1","37.91","","","","2"
"2021","Canada","2021A000011124","Average hourly wage rate","Both full- and part-time employees","Professional, scientific and technical services [54]","Total - Gender","15 years and over","Current dollars","75","units","0","v2196700","1.2.1.12.1.1","38.46","","","","2"
"2022","Canada","2021A000011124","Average hourly wage rate","Both full- and part-time employees","Professional, scientific and technical services [54]","Total - Gender","15 years and over","Current dollars","75","units","0","v2196700","1.2.1.12.1.1","41.62","","","","2"
"2023","Canada","2021A000011124","Average hourly wage rate","Both full- and part-time employees","Professional, scientific and technical services [54]","Total - Gender","15 years and over","Current dollars","75","units","0","v2196700","1.2.1.12.1.1","44.24","","","","2"
"2024","Canada","2021A000011124","Average hourly wage rate","Both full- and part-time employees","Professional, scientific and technical services [54]","Total - Gender","15 years and over","Current dollars","75","units","0","v2196700","1.2.1.12.1.1","47.50","","","","2"
"1997","Canada","2021A000011124","Average hourly wage rate","Both full- and part-time employees","Business, building and other support services [55-56]","Total - Gender","15 years and over","Current dollars","75","units","0","v2196675","1.2.1.13.1.1","11.64","","","","2"
"1998","Canada","2021A000011124","Average hourly wage rate","Both full- and part-time employees","Business, building and other support services [55-56]","Total - Gender","15 years and over","Current dollars","75","units","0","v2196675","1.2.1.13.1.1","11.89","","","","2"
"1999","Canada","2021A000011124","Average hourly wage rate","Both full- and part-time employees","Business, building and other support services [55-56]","Total - Gender","15 years and over","Current dollars","75","units","0","v2196675","1.2.1.13.1.1","12.00","","","","2"
"2000","Canada","2021A000011124","Average hourly wage rate","Both full- and part-time employees","Business, building and other support services [55-56]","Total - Gender","15 years and over","Current dollars","75","units","0","v2196675","1.2.1.13.1.1","12.27","","","","2"
"2001","Canada","2021A000011124","Average hourly wage rate","Both full- and part-time employees","Business, building and other support services [55-56]","Total - Gender","15 years and over","Current dollars","75","units","0","v2196675","1.2.1.13.1.1","12.96","","","","2"
"2002","Canada","2021A000011124","Average hourly wage rate","Both full- and part-time employees","Business, building and other support services [55-56]","Total - Gender","15 years and over","Current dollars","75","units","0","v2196675","1.2.1.13.1.1","13.19","","","","2"
"2003","Canada","2021A000011124","Average hourly wage rate","Both full- and part-time employees","Business, building and other support services [55-56]","Total - Gender","15 years and over","Current dollars","75","units","0","v2196675","1.2.1.13.1.1","13.56","","","","2"
"2004","Canada","2021A000011124","Average hourly wage rate","Both full- and part-time employees","Business, building and other support services [55-56]","Total - Gender","15 years and over","Current dollars","75","units","0","v2196675","1.2.1.13.1.1","13.89","","","","2"
"2005","Canada","2021A000011124","Average hourly wage rate","Both full- and part-time employees","Business, building and other support services [55-56]","Total - Gender","15 years and over","Current dollars","75","units","0","v2196675","1.2.1.13.1.1","13.97","","","","2"
"2006","Canada","2021A000011124","Average hourly wage rate","Both full- and part-time employees","Business, building and other support services [55-56]","Total - Gender","15 years and over","Current dollars","75","units","0","v2196675","1.2.1.13.1.1","14.58","","","","2"
"2007","Canada","2021A000011124","Average hourly wage rate","Both full- and part-time employees","Business, building and other support services [55-56]","Total - Gender","15 years and over","Current dollars","75","units","0","v2196675","1.2.1.13.1.1","15.42","","","","2"
"2008","Canada","2021A000011124","Average hourly wage rate","Both full- and part-time employees","Business, building and other support services [55-56]","Total - Gender","15 years and over","Current dollars","75","units","0","v2196675","1.2.1.13.1.1","15.99","","","","2"
"2009","Canada","2021A000011124","Average hourly wage rate","Both full- and part-time employees","Business, building and other support services [55-56]","Total - Gender","15 years and over","Current dollars","75","units","0","v2196675","1.2.1.13.1.1","16.38","","","","2"
"2010","Canada","2021A000011124","Average hourly wage rate","Both full- and part-time employees","Business, building and other support services [55-56]","Total - Gender","15 years and over","Current dollars","75","units","0","v2196675","1.2.1.13.1.1","16.83","","","","2"
"2011","Canada","2021A000011124","Average hourly wage rate","Both full- and part-time employees","Business, building and other support services [55-56]","Total - Gender","15 years and over","Current dollars","75","units","0","v2196675","1.2.1.13.1.1","17.09","","","","2"
"2012","Canada","2021A000011124","Average hourly wage rate","Both full- and part-time employees","Business, building and other support services [55-56]","Total - Gender","15 years and over","Current dollars","75","units","0","v2196675","1.2.1.13.1.1","17.88","","","","2"
"2013","Canada","2021A000011124","Average hourly wage rate","Both full- and part-time employees","Business, building and other support services [55-56]","Total - Gender","15 years and over","Current dollars","75","units","0","v2196675","1.2.1.13.1.1","17.98","","","","2"
"2014","Canada","2021A000011124","Average hourly wage rate","Both full- and part-time employees","Business, building and other support services [55-56]","Total - Gender","15 years and over","Current dollars","75","units","0","v2196675","1.2.1.13.1.1","18.29","","","","2"
"2015","Canada","2021A000011124","Average hourly wage rate","Both full- and part-time employees","Business, building and other support services [55-56]","Total - Gender","15 years and over","Current dollars","75","units","0","v2196675","1.2.1.13.1.1","18.79","","","","2"
"2016","Canada","2021A000011124","Average hourly wage rate","Both full- and part-time employees","Business, building and other support services [55-56]","Total - Gender","15 years and over","Current dollars","75","units","0","v2196675","1.2.1.13.1.1","18.95","","","","2"
"2017","Canada","2021A000011124","Average hourly wage rate","Both full- and part-time employees","Business, building and other support services [55-56]","Total - Gender","15 years and over","Current dollars","75","units","0","v2196675","1.2.1.13.1.1","19.54","","","","2"
"2018","Canada","2021A000011124","Average hourly wage rate","Both full- and part-time employees","Business, building and other support services [55-56]","Total - Gender","15 years and over","Current dollars","75","units","0","v2196675","1.2.1.13.1.1","21.02","","","","2"
"2019","Canada","2021A000011124","Average hourly wage rate","Both full- and part-time employees","Business, building and other support services [55-56]","Total - Gender","15 years and over","Current dollars","75","units","0","v2196675","1.2.1.13.1.1","21.53","","","","2"
"2020","Canada","2021A000011124","Average hourly wage rate","Both full- and part-time employees","Business, building and other support services [55-56]","Total - Gender","15 years and over","Current dollars","75","units","0","v2196675","1.2.1.13.1.1","22.81","","","","2"
"2021","Canada","2021A000011124","Average hourly wage rate","Both full- and part-time employees","Business, building and other support services [55-56]","Total - Gender","15 years and over","Current dollars","75","units","0","v2196675","1.2.1.13.1.1","23.54","","","","2"
"2022","Canada","2021A000011124","Average hourly wage rate","Both full- and part-time employees","Business, building and other support services [55-56]","Total - Gender","15 years and over","Current dollars","75","units","0","v2196675","1.2.1.13.1.1","24.87","","","","2"
"2023","Canada","2021A000011124","Average hourly wage rate","Both full- and part-time employees","Business, building and other support services [55-56]","Total - Gender","15 years and over","Current dollars","75","units","0","v2196675","1.2.1.13.1.1","25.95","","","","2"
"2024","Canada","2021A000011124","Average hourly wage rate","Both full- and part-time employees","Business, building and other support services [55-56]","Total - Gender","15 years and over","Current dollars","75","units","0","v2196675","1.2.1.13.1.1","26.93","","","","2"
"1997","Canada","2021A000011124","Average hourly wage rate","Both full- and part-time employees","Educational services [61]","Total - Gender","15 years and over","Current dollars","75","units","0","v2196660","1.2.1.14.1.1","20.89","","","","2"
"1998","Canada","2021A000011124","Average hourly wage rate","Both full- and part-time employees","Educational services [61]","Total - Gender","15 years and over","Current dollars","75","units","0","v2196660","1.2.1.14.1.1","20.89","","","","2"
"1999","Canada","2021A000011124","Average hourly wage rate","Both full- and part-time employees","Educational services [61]","Total - Gender","15 years and over","Current dollars","75","units","0","v2196660","1.2.1.14.1.1","21.15","","","","2"
"2000","Canada","2021A000011124","Average hourly wage rate","Both full- and part-time employees","Educational services [61]","Total - Gender","15 years and over","Current dollars","75","units","0","v2196660","1.2.1.14.1.1","21.56","","","","2"
"2001","Canada","2021A000011124","Average hourly wage rate","Both full- and part-time employees","Educational services [61]","Total - Gender","15 years and over","Current dollars","75","units","0","v2196660","1.2.1.14.1.1","21.97","","","","2"
"2002","Canada","2021A000011124","Average hourly wage rate","Both full- and part-time employees","Educational services [61]","Total - Gender","15 years and over","Current dollars","75","units","0","v2196660","1.2.1.14.1.1","22.68","","","","2"
"2003","Canada","2021A000011124","Average hourly wage rate","Both full- and part-time employees","Educational services [61]","Total - Gender","15 years and over","Current dollars","75","units","0","v2196660","1.2.1.14.1.1","23.18","","","","2"
"2004","Canada","2021A000011124","Average hourly wage rate","Both full- and part-time employees","Educational services [61]","Total - Gender","15 years and over","Current dollars","75","units","0","v2196660","1.2.1.14.1.1","23.87","","","","2"
"2005","Canada","2021A000011124","Average hourly wage rate","Both full- and part-time employees","Educational services [61]","Total - Gender","15 years and over","Current dollars","75","units","0","v2196660","1.2.1.14.1.1","24.50","","","","2"
"2006","Canada","2021A000011124","Average hourly wage rate","Both full- and part-time employees","Educational services [61]","Total - Gender","15 years and over","Current dollars","75","units","0","v2196660","1.2.1.14.1.1","26.10","","","","2"
"2007","Canada","2021A000011124","Average hourly wage rate","Both full- and part-time employees","Educational services [61]","Total - Gender","15 years and over","Current dollars","75","units","0","v2196660","1.2.1.14.1.1","26.88","","","","2"
"2008","Canada","2021A000011124","Average hourly wage rate","Both full- and part-time employees","Educational services [61]","Total - Gender","15 years and over","Current dollars","75","units","0","v2196660","1.2.1.14.1.1","28.03","","","","2"
"2009","Canada","2021A000011124","Average hourly wage rate","Both full- and part-time employees","Educational services [61]","Total - Gender","15 years and over","Current dollars","75","units","0","v2196660","1.2.1.14.1.1","28.90","","","","2"
"2010","Canada","2021A000011124","Average hourly wage rate","Both full- and part-time employees","Educational services [61]","Total - Gender","15 years and over","Current dollars","75","units","0","v2196660","1.2.1.14.1.1","30.00","","","","2"
"2011","Canada","2021A000011124","Average hourly wage rate","Both full- and part-time employees","Educational services [61]","Total - Gender","15 years and over","Current dollars","75","units","0","v2196660","1.2.1.14.1.1","30.73","","","","2"
"2012","Canada","2021A000011124","Average hourly wage rate","Both full- and part-time employees","Educational services [61]","Total - Gender","15 years and over","Current dollars","75","units","0","v2196660","1.2.1.14.1.1","31.28","","","","2"
"2013","Canada","2021A000011124","Average hourly wage rate","Both full- and part-time employees","Educational services [61]","Total - Gender","15 years and over","Current dollars","75","units","0","v2196660","1.2.1.14.1.1","31.91","","","","2"
"2014","Canada","2021A000011124","Average hourly wage rate","Both full- and part-time employees","Educational services [61]","Total - Gender","15 years and over","Current dollars","75","units","0","v2196660","1.2.1.14.1.1","32.13","","","","2"
"2015","Canada","2021A000011124","Average hourly wage rate","Both full- and part-time employees","Educational services [61]","Total - Gender","15 years and over","Current dollars","75","units","0","v2196660","1.2.1.14.1.1","32.84","","","","2"
"2016","Canada","2021A000011124","Average hourly wage rate","Both full- and part-time employees","Educational services [61]","Total - Gender","15 years and over","Current dollars","75","units","0","v2196660","1.2.1.14.1.1","33.64","","","","2"
"2017","Canada","2021A000011124","Average hourly wage rate","Both full- and part-time employees","Educational services [61]","Total - Gender","15 years and over","Current dollars","75","units","0","v2196660","1.2.1.14.1.1","33.80","","","","2"
"2018","Canada","2021A000011124","Average hourly wage rate","Both full- and part-time employees","Educational services [61]","Total - Gender","15 years and over","Current dollars","75","units","0","v2196660","1.2.1.14.1.1","34.47","","","","2"
"2019","Canada","2021A000011124","Average hourly wage rate","Both full- and part-time employees","Educational services [61]","Total - Gender","15 years and over","Current dollars","75","units","0","v2196660","1.2.1.14.1.1","34.97","","","","2"
"2020","Canada","2021A000011124","Average hourly wage rate","Both full- and part-time employees","Educational services [61]","Total - Gender","15 years and over","Current dollars","75","units","0","v2196660","1.2.1.14.1.1","36.45","","","","2"
"2021","Canada","2021A000011124","Average hourly wage rate","Both full- and part-time employees","Educational services [61]","Total - Gender","15 years and over","Current dollars","75","units","0","v2196660","1.2.1.14.1.1","36.71","","","","2"
"2022","Canada","2021A000011124","Average hourly wage rate","Both full- and part-time employees","Educational services [61]","Total - Gender","15 years and over","Current dollars","75","units","0","v2196660","1.2.1.14.1.1","37.51","","","","2"
"2023","Canada","2021A000011124","Average hourly wage rate","Both full- and part-time employees","Educational services [61]","Total - Gender","15 years and over","Current dollars","75","units","0","v2196660","1.2.1.14.1.1","38.72","","","","2"
"2024","Canada","2021A000011124","Average hourly wage rate","Both full- and part-time employees","Educational services [61]","Total - Gender","15 years and over","Current dollars","75","units","0","v2196660","1.2.1.14.1.1","40.20","","","","2"
"1997","Canada","2021A000011124","Average hourly wage rate","Both full- and part-time employees","Health care and social assistance [62]","Total - Gender","15 years and over","Current dollars","75","units","0","v2196665","1.2.1.15.1.1","16.44","","","","2"
"1998","Canada","2021A000011124","Average hourly wage rate","Both full- and part-time employees","Health care and social assistance [62]","Total - Gender","15 years and over","Current dollars","75","units","0","v2196665","1.2.1.15.1.1","16.45","","","","2"
"1999","Canada","2021A000011124","Average hourly wage rate","Both full- and part-time employees","Health care and social assistance [62]","Total - Gender","15 years and over","Current dollars","75","units","0","v2196665","1.2.1.15.1.1","16.70","","","","2"
"2000","Canada","2021A000011124","Average hourly wage rate","Both full- and part-time employees","Health care and social assistance [62]","Total - Gender","15 years and over","Current dollars","75","units","0","v2196665","1.2.1.15.1.1","17.15","","","","2"
"2001","Canada","2021A000011124","Average hourly wage rate","Both full- and part-time employees","Health care and social assistance [62]","Total - Gender","15 years and over","Current dollars","75","units","0","v2196665","1.2.1.15.1.1","17.78","","","","2"
"2002","Canada","2021A000011124","Average hourly wage rate","Both full- and part-time employees","Health care and social assistance [62]","Total - Gender","15 years and over","Current dollars","75","units","0","v2196665","1.2.1.15.1.1","18.59","","","","2"
"2003","Canada","2021A000011124","Average hourly wage rate","Both full- and part-time employees","Health care and social assistance [62]","Total - Gender","15 years and over","Current dollars","75","units","0","v2196665","1.2.1.15.1.1","19.01","","","","2"
"2004","Canada","2021A000011124","Average hourly wage rate","Both full- and part-time employees","Health care and social assistance [62]","Total - Gender","15 years and over","Current dollars","75","units","0","v2196665","1.2.1.15.1.1","19.61","","","","2"
"2005","Canada","2021A000011124","Average hourly wage rate","Both full- and part-time employees","Health care and social assistance [62]","Total - Gender","15 years and over","Current dollars","75","units","0","v2196665","1.2.1.15.1.1","20.23","","","","2"
"2006","Canada","2021A000011124","Average hourly wage rate","Both full- and part-time employees","Health care and social assistance [62]","Total - Gender","15 years and over","Current dollars","75","units","0","v2196665","1.2.1.15.1.1","21.04","","","","2"
"2007","Canada","2021A000011124","Average hourly wage rate","Both full- and part-time employees","Health care and social assistance [62]","Total - Gender","15 years and over","Current dollars","75","units","0","v2196665","1.2.1.15.1.1","21.82","","","","2"
"2008","Canada","2021A000011124","Average hourly wage rate","Both full- and part-time employees","Health care and social assistance [62]","Total - Gender","15 years and over","Current dollars","75","units","0","v2196665","1.2.1.15.1.1","22.47","","","","2"
"2009","Canada","2021A000011124","Average hourly wage rate","Both full- and part-time employees","Health care and social assistance [62]","Total - Gender","15 years and over","Current dollars","75","units","0","v2196665","1.2.1.15.1.1","23.34","","","","2"
"2010","Canada","2021A000011124","Average hourly wage rate","Both full- and part-time employees","Health care and social assistance [62]","Total - Gender","15 years and over","Current dollars","75","units","0","v2196665","1.2.1.15.1.1","23.92","","","","2"
"2011","Canada","2021A000011124","Average hourly wage rate","Both full- and part-time employees","Health care and social assistance [62]","Total - Gender","15 years and over","Current dollars","75","units","0","v2196665","1.2.1.15.1.1","24.52","","","","2"
"2012","Canada","2021A000011124","Average hourly wage rate","Both full- and part-time employees","Health care and social assistance [62]","Total - Gender","15 years and over","Current dollars","75","units","0","v2196665","1.2.1.15.1.1","24.83","","","","2"
"2013","Canada","2021A000011124","Average hourly wage rate","Both full- and part-time employees","Health care and social assistance [62]","Total - Gender","15 years and over","Current dollars","75","units","0","v2196665","1.2.1.15.1.1","25.40","","","","2"
"2014","Canada","2021A000011124","Average hourly wage rate","Both full- and part-time employees","Health care and social assistance [62]","Total - Gender","15 years and over","Current dollars","75","units","0","v2196665","1.2.1.15.1.1","25.49","","","","2"
"2015","Canada","2021A000011124","Average hourly wage rate","Both full- and part-time employees","Health care and social assistance [62]","Total - Gender","15 years and over","Current dollars","75","units","0","v2196665","1.2.1.15.1.1","26.22","","","","2"
"2016","Canada","2021A000011124","Average hourly wage rate","Both full- and part-time employees","Health care and social assistance [62]","Total - Gender","15 years and over","Current dollars","75","units","0","v2196665","1.2.1.15.1.1","26.77","","","","2"
"2017","Canada","2021A000011124","Average hourly wage rate","Both full- and part-time employees","Health care and social assistance [62]","Total - Gender","15 years and over","Current dollars","75","units","0","v2196665","1.2.1.15.1.1","27.25","","","","2"
"2018","Canada","2021A000011124","Average hourly wage rate","Both full- and part-time employees","Health care and social assistance [62]","Total - Gender","15 years and over","Current dollars","75","units","0","v2196665","1.2.1.15.1.1","27.59","","","","2"
"2019","Canada","2021A000011124","Average hourly wage rate","Both full- and part-time employees","Health care and social assistance [62]","Total - Gender","15 years and over","Current dollars","75","units","0","v2196665","1.2.1.15.1.1","28.09","","","","2"
"2020","Canada","2021A000011124","Average hourly wage rate","Both full- and part-time employees","Health care and social assistance [62]","Total - Gender","15 years and over","Current dollars","75","units","0","v2196665","1.2.1.15.1.1","29.22","","","","2"
"2021","Canada","2021A000011124","Average hourly wage rate","Both full- and part-time employees","Health care and social assistance [62]","Total - Gender","15 years and over","Current dollars","75","units","0","v2196665","1.2.1.15.1.1","29.56","","","","2"
"2022","Canada","2021A000011124","Average hourly wage rate","Both full- and part-time employees","Health care and social assistance [62]","Total - Gender","15 years and over","Current dollars","75","units","0","v2196665","1.2.1.15.1.1","30.70","","","","2"
"2023","Canada","2021A000011124","Average hourly wage rate","Both full- and part-time employees","Health care and social assistance [62]","Total - Gender","15 years and over","Current dollars","75","units","0","v2196665","1.2.1.15.1.1","31.97","","","","2"
"2024","Canada","2021A000011124","Average hourly wage rate","Both full- and part-time employees","Health care and social assistance [62]","Total - Gender","15 years and over","Current dollars","75","units","0","v2196665","1.2.1.15.1.1","33.44","","","","2"
"1997","Canada","2021A000011124","Average hourly wage rate","Both full- and part-time employees","Information, culture and recreation [51, 71]","Total - Gender","15 years and over","Current dollars","75","units","0","v2196670","1.2.1.16.1.1","16.17","","","","2"
"1998","Canada","2021A000011124","Average hourly wage rate","Both full- and part-time employees","Information, culture and recreation [51, 71]","Total - Gender","15 years and over","Current dollars","75","units","0","v2196670","1.2.1.16.1.1","16.63","","","","2"
"1999","Canada","2021A000011124","Average hourly wage rate","Both full- and part-time employees","Information, culture and recreation [51, 71]","Total - Gender","15 years and over","Current dollars","75","units","0","v2196670","1.2.1.16.1.1","16.95","","","","2"
"2000","Canada","2021A000011124","Average hourly wage rate","Both full- and part-time employees","Information, culture and recreation [51, 71]","Total - Gender","15 years and over","Current dollars","75","units","0","v2196670","1.2.1.16.1.1","16.89","","","","2"
"2001","Canada","2021A000011124","Average hourly wage rate","Both full- and part-time employees","Information, culture and recreation [51, 71]","Total - Gender","15 years and over","Current dollars","75","units","0","v2196670","1.2.1.16.1.1","17.66","","","","2"
"2002","Canada","2021A000011124","Average hourly wage rate","Both full- and part-time employees","Information, culture and recreation [51, 71]","Total - Gender","15 years and over","Current dollars","75","units","0","v2196670","1.2.1.16.1.1","17.38","","","","2"
"2003","Canada","2021A000011124","Average hourly wage rate","Both full- and part-time employees","Information, culture and recreation [51, 71]","Total - Gender","15 years and over","Current dollars","75","units","0","v2196670","1.2.1.16.1.1","17.81","","","","2"
"2004","Canada","2021A000011124","Average hourly wage rate","Both full- and part-time employees","Information, culture and recreation [51, 71]","Total - Gender","15 years and over","Current dollars","75","units","0","v2196670","1.2.1.16.1.1","18.31","","","","2"
"2005","Canada","2021A000011124","Average hourly wage rate","Both full- and part-time employees","Information, culture and recreation [51, 71]","Total - Gender","15 years and over","Current dollars","75","units","0","v2196670","1.2.1.16.1.1","19.03","","","","2"
"2006","Canada","2021A000011124","Average hourly wage rate","Both full- and part-time employees","Information, culture and recreation [51, 71]","Total - Gender","15 years and over","Current dollars","75","units","0","v2196670","1.2.1.16.1.1","20.19","","","","2"
"2007","Canada","2021A000011124","Average hourly wage rate","Both full- and part-time employees","Information, culture and recreation [51, 71]","Total - Gender","15 years and over","Current dollars","75","units","0","v2196670","1.2.1.16.1.1","20.96","","","","2"
"2008","Canada","2021A000011124","Average hourly wage rate","Both full- and part-time employees","Information, culture and recreation [51, 71]","Total - Gender","15 years and over","Current dollars","75","units","0","v2196670","1.2.1.16.1.1","21.19","","","","2"
"2009","Canada","2021A000011124","Average hourly wage rate","Both full- and part-time employees","Information, culture and recreation [51, 71]","Total - Gender","15 years and over","Current dollars","75","units","0","v2196670","1.2.1.16.1.1","21.66","","","","2"
"2010","Canada","2021A000011124","Average hourly wage rate","Both full- and part-time employees","Information, culture and recreation [51, 71]","Total - Gender","15 years and over","Current dollars","75","units","0","v2196670","1.2.1.16.1.1","22.41","","","","2"
"2011","Canada","2021A000011124","Average hourly wage rate","Both full- and part-time employees","Information, culture and recreation [51, 71]","Total - Gender","15 years and over","Current dollars","75","units","0","v2196670","1.2.1.16.1.1","22.82","","","","2"
"2012","Canada","2021A000011124","Average hourly wage rate","Both full- and part-time employees","Information, culture and recreation [51, 71]","Total - Gender","15 years and over","Current dollars","75","units","0","v2196670","1.2.1.16.1.1","22.94","","","","2"
"2013","Canada","2021A000011124","Average hourly wage rate","Both full- and part-time employees","Information, culture and recreation [51, 71]","Total - Gender","15 years and over","Current dollars","75","units","0","v2196670","1.2.1.16.1.1","23.56","","","","2"
"2014","Canada","2021A000011124","Average hourly wage rate","Both full- and part-time employees","Information, culture and recreation [51, 71]","Total - Gender","15 years and over","Current dollars","75","units","0","v2196670","1.2.1.16.1.1","24.03","","","","2"
"2015","Canada","2021A000011124","Average hourly wage rate","Both full- and part-time employees","Information, culture and recreation [51, 71]","Total - Gender","15 years and over","Current dollars","75","units","0","v2196670","1.2.1.16.1.1","24.79","","","","2"
"2016","Canada","2021A000011124","Average hourly wage rate","Both full- and part-time employees","Information, culture and recreation [51, 71]","Total - Gender","15 years and over","Current dollars","75","units","0","v2196670","1.2.1.16.1.1","24.80","","","","2"
"2017","Canada","2021A000011124","Average hourly wage rate","Both full- and part-time employees","Information, culture and recreation [51, 71]","Total - Gender","15 years and over","Current dollars","75","units","0","v2196670","1.2.1.16.1.1","25.27","","","","2"
"2018","Canada","2021A000011124","Average hourly wage rate","Both full- and part-time employees","Information, culture and recreation [51, 71]","Total - Gender","15 years and over","Current dollars","75","units","0","v2196670","1.2.1.16.1.1","25.64","","","","2"
"2019","Canada","2021A000011124","Average hourly wage rate","Both full- and part-time employees","Information, culture and recreation [51, 71]","Total - Gender","15 years and over","Current dollars","75","units","0","v2196670","1.2.1.16.1.1","26.51","","","","2"
"2020","Canada","2021A000011124","Average hourly wage rate","Both full- and part-time employees","Information, culture and recreation [51, 71]","Total - Gender","15 years and over","Current dollars","75","units","0","v2196670","1.2.1.16.1.1","29.96","","","","2"
"2021","Canada","2021A000011124","Average hourly wage rate","Both full- and part-time employees","Information, culture and recreation [51, 71]","Total - Gender","15 years and over","Current dollars","75","units","0","v2196670","1.2.1.16.1.1","31.23","","","","2"
"2022","Canada","2021A000011124","Average hourly wage rate","Both full- and part-time employees","Information, culture and recreation [51, 71]","Total - Gender","15 years and over","Current dollars","75","units","0","v2196670","1.2.1.16.1.1","31.26","","","","2"
"2023","Canada","2021A000011124","Average hourly wage rate","Both full- and part-time employees","Information, culture and recreation [51, 71]","Total - Gender","15 years and over","Current dollars","75","units","0","v2196670","1.2.1.16.1.1","31.27","","","","2"
"2024","Canada","2021A000011124","Average hourly wage rate","Both full- and part-time employees","Information, culture and recreation [51, 71]","Total - Gender","15 years and over","Current dollars","75","units","0","v2196670","1.2.1.16.1.1","32.29","","","","2"
"1997","Canada","2021A000011124","Average hourly wage rate","Both full- and part-time employees","Accommodation and food services [72]","Total - Gender","15 years and over","Current dollars","75","units","0","v2196680","1.2.1.17.1.1","8.88","","","","2"
"1998","Canada","2021A000011124","Average hourly wage rate","Both full- and part-time employees","Accommodation and food services [72]","Total - Gender","15 years and over","Current dollars","75","units","0","v2196680","1.2.1.17.1.1","9.06","","","","2"
"1999","Canada","2021A000011124","Average hourly wage rate","Both full- and part-time employees","Accommodation and food services [72]","Total - Gender","15 years and over","Current dollars","75","units","0","v2196680","1.2.1.17.1.1","9.13","","","","2"
"2000","Canada","2021A000011124","Average hourly wage rate","Both full- and part-time employees","Accommodation and food services [72]","Total - Gender","15 years and over","Current dollars","75","units","0","v2196680","1.2.1.17.1.1","9.39","","","","2"
"2001","Canada","2021A000011124","Average hourly wage rate","Both full- and part-time employees","Accommodation and food services [72]","Total - Gender","15 years and over","Current dollars","75","units","0","v2196680","1.2.1.17.1.1","9.72","","","","2"
"2002","Canada","2021A000011124","Average hourly wage rate","Both full- and part-time employees","Accommodation and food services [72]","Total - Gender","15 years and over","Current dollars","75","units","0","v2196680","1.2.1.17.1.1","9.90","","","","2"
"2003","Canada","2021A000011124","Average hourly wage rate","Both full- and part-time employees","Accommodation and food services [72]","Total - Gender","15 years and over","Current dollars","75","units","0","v2196680","1.2.1.17.1.1","10.24","","","","2"
"2004","Canada","2021A000011124","Average hourly wage rate","Both full- and part-time employees","Accommodation and food services [72]","Total - Gender","15 years and over","Current dollars","75","units","0","v2196680","1.2.1.17.1.1","10.39","","","","2"
"2005","Canada","2021A000011124","Average hourly wage rate","Both full- and part-time employees","Accommodation and food services [72]","Total - Gender","15 years and over","Current dollars","75","units","0","v2196680","1.2.1.17.1.1","10.94","","","","2"
"2006","Canada","2021A000011124","Average hourly wage rate","Both full- and part-time employees","Accommodation and food services [72]","Total - Gender","15 years and over","Current dollars","75","units","0","v2196680","1.2.1.17.1.1","11.06","","","","2"
"2007","Canada","2021A000011124","Average hourly wage rate","Both full- and part-time employees","Accommodation and food services [72]","Total - Gender","15 years and over","Current dollars","75","units","0","v2196680","1.2.1.17.1.1","11.50","","","","2"
"2008","Canada","2021A000011124","Average hourly wage rate","Both full- and part-time employees","Accommodation and food services [72]","Total - Gender","15 years and over","Current dollars","75","units","0","v2196680","1.2.1.17.1.1","11.89","","","","2"
"2009","Canada","2021A000011124","Average hourly wage rate","Both full- and part-time employees","Accommodation and food services [72]","Total - Gender","15 years and over","Current dollars","75","units","0","v2196680","1.2.1.17.1.1","12.42","","","","2"
"2010","Canada","2021A000011124","Average hourly wage rate","Both full- and part-time employees","Accommodation and food services [72]","Total - Gender","15 years and over","Current dollars","75","units","0","v2196680","1.2.1.17.1.1","12.72","","","","2"
"2011","Canada","2021A000011124","Average hourly wage rate","Both full- and part-time employees","Accommodation and food services [72]","Total - Gender","15 years and over","Current dollars","75","units","0","v2196680","1.2.1.17.1.1","13.03","","","","2"
"2012","Canada","2021A000011124","Average hourly wage rate","Both full- and part-time employees","Accommodation and food services [72]","Total - Gender","15 years and over","Current dollars","75","units","0","v2196680","1.2.1.17.1.1","13.54","","","","2"
"2013","Canada","2021A000011124","Average hourly wage rate","Both full- and part-time employees","Accommodation and food services [72]","Total - Gender","15 years and over","Current dollars","75","units","0","v2196680","1.2.1.17.1.1","13.50","","","","2"
"2014","Canada","2021A000011124","Average hourly wage rate","Both full- and part-time employees","Accommodation and food services [72]","Total - Gender","15 years and over","Current dollars","75","units","0","v2196680","1.2.1.17.1.1","13.95","","","","2"
"2015","Canada","2021A000011124","Average hourly wage rate","Both full- and part-time employees","Accommodation and food services [72]","Total - Gender","15 years and over","Current dollars","75","units","0","v2196680","1.2.1.17.1.1","14.24","","","","2"
"2016","Canada","2021A000011124","Average hourly wage rate","Both full- and part-time employees","Accommodation and food services [72]","Total - Gender","15 years and over","Current dollars","75","units","0","v2196680","1.2.1.17.1.1","14.43","","","","2"
"2017","Canada","2021A000011124","Average hourly wage rate","Both full- and part-time employees","Accommodation and food services [72]","Total - Gender","15 years and over","Current dollars","75","units","0","v2196680","1.2.1.17.1.1","14.94","","","","2"
"2018","Canada","2021A000011124","Average hourly wage rate","Both full- and part-time employees","Accommodation and food services [72]","Total - Gender","15 years and over","Current dollars","75","units","0","v2196680","1.2.1.17.1.1","15.89","","","","2"
"2019","Canada","2021A000011124","Average hourly wage rate","Both full- and part-time employees","Accommodation and food services [72]","Total - Gender","15 years and over","Current dollars","75","units","0","v2196680","1.2.1.17.1.1","16.59","","","","2"
"2020","Canada","2021A000011124","Average hourly wage rate","Both full- and part-time employees","Accommodation and food services [72]","Total - Gender","15 years and over","Current dollars","75","units","0","v2196680","1.2.1.17.1.1","17.04","","","","2"
"2021","Canada","2021A000011124","Average hourly wage rate","Both full- and part-time employees","Accommodation and food services [72]","Total - Gender","15 years and over","Current dollars","75","units","0","v2196680","1.2.1.17.1.1","17.36","","","","2"
"2022","Canada","2021A000011124","Average hourly wage rate","Both full- and part-time employees","Accommodation and food services [72]","Total - Gender","15 years and over","Current dollars","75","units","0","v2196680","1.2.1.17.1.1","18.50","","","","2"
"2023","Canada","2021A000011124","Average hourly wage rate","Both full- and part-time employees","Accommodation and food services [72]","Total - Gender","15 years and over","Current dollars","75","units","0","v2196680","1.2.1.17.1.1","19.71","","","","2"
"2024","Canada","2021A000011124","Average hourly wage rate","Both full- and part-time employees","Accommodation and food services [72]","Total - Gender","15 years and over","Current dollars","75","units","0","v2196680","1.2.1.17.1.1","20.58","","","","2"
"1997","Canada","2021A000011124","Average hourly wage rate","Both full- and part-time employees","Other services (except public administration) [81]","Total - Gender","15 years and over","Current dollars","75","units","0","v2196685","1.2.1.18.1.1","12.81","","","","2"
"1998","Canada","2021A000011124","Average hourly wage rate","Both full- and part-time employees","Other services (except public administration) [81]","Total - Gender","15 years and over","Current dollars","75","units","0","v2196685","1.2.1.18.1.1","13.02","","","","2"
"1999","Canada","2021A000011124","Average hourly wage rate","Both full- and part-time employees","Other services (except public administration) [81]","Total - Gender","15 years and over","Current dollars","75","units","0","v2196685","1.2.1.18.1.1","13.14","","","","2"
"2000","Canada","2021A000011124","Average hourly wage rate","Both full- and part-time employees","Other services (except public administration) [81]","Total - Gender","15 years and over","Current dollars","75","units","0","v2196685","1.2.1.18.1.1","14.00","","","","2"
"2001","Canada","2021A000011124","Average hourly wage rate","Both full- and part-time employees","Other services (except public administration) [81]","Total - Gender","15 years and over","Current dollars","75","units","0","v2196685","1.2.1.18.1.1","14.37","","","","2"
"2002","Canada","2021A000011124","Average hourly wage rate","Both full- and part-time employees","Other services (except public administration) [81]","Total - Gender","15 years and over","Current dollars","75","units","0","v2196685","1.2.1.18.1.1","14.54","","","","2"
"2003","Canada","2021A000011124","Average hourly wage rate","Both full- and part-time employees","Other services (except public administration) [81]","Total - Gender","15 years and over","Current dollars","75","units","0","v2196685","1.2.1.18.1.1","15.01","","","","2"
"2004","Canada","2021A000011124","Average hourly wage rate","Both full- and part-time employees","Other services (except public administration) [81]","Total - Gender","15 years and over","Current dollars","75","units","0","v2196685","1.2.1.18.1.1","15.44","","","","2"
"2005","Canada","2021A000011124","Average hourly wage rate","Both full- and part-time employees","Other services (except public administration) [81]","Total - Gender","15 years and over","Current dollars","75","units","0","v2196685","1.2.1.18.1.1","16.03","","","","2"
"2006","Canada","2021A000011124","Average hourly wage rate","Both full- and part-time employees","Other services (except public administration) [81]","Total - Gender","15 years and over","Current dollars","75","units","0","v2196685","1.2.1.18.1.1","16.55","","","","2"
"2007","Canada","2021A000011124","Average hourly wage rate","Both full- and part-time employees","Other services (except public administration) [81]","Total - Gender","15 years and over","Current dollars","75","units","0","v2196685","1.2.1.18.1.1","17.24","","","","2"
"2008","Canada","2021A000011124","Average hourly wage rate","Both full- and part-time employees","Other services (except public administration) [81]","Total - Gender","15 years and over","Current dollars","75","units","0","v2196685","1.2.1.18.1.1","17.91","","","","2"
"2009","Canada","2021A000011124","Average hourly wage rate","Both full- and part-time employees","Other services (except public administration) [81]","Total - Gender","15 years and over","Current dollars","75","units","0","v2196685","1.2.1.18.1.1","18.52","","","","2"
"2010","Canada","2021A000011124","Average hourly wage rate","Both full- and part-time employees","Other services (except public administration) [81]","Total - Gender","15 years and over","Current dollars","75","units","0","v2196685","1.2.1.18.1.1","18.91","","","","2"
"2011","Canada","2021A000011124","Average hourly wage rate","Both full- and part-time employees","Other services (except public administration) [81]","Total - Gender","15 years and over","Current dollars","75","units","0","v2196685","1.2.1.18.1.1","19.37","","","","2"
"2012","Canada","2021A000011124","Average hourly wage rate","Both full- and part-time employees","Other services (except public administration) [81]","Total - Gender","15 years and over","Current dollars","75","units","0","v2196685","1.2.1.18.1.1","20.21","","","","2"
"2013","Canada","2021A000011124","Average hourly wage rate","Both full- and part-time employees","Other services (except public administration) [81]","Total - Gender","15 years and over","Current dollars","75","units","0","v2196685","1.2.1.18.1.1","20.93","","","","2"
"2014","Canada","2021A000011124","Average hourly wage rate","Both full- and part-time employees","Other services (except public administration) [81]","Total - Gender","15 years and over","Current dollars","75","units","0","v2196685","1.2.1.18.1.1","21.32","","","","2"
"2015","Canada","2021A000011124","Average hourly wage rate","Both full- and part-time employees","Other services (except public administration) [81]","Total - Gender","15 years and over","Current dollars","75","units","0","v2196685","1.2.1.18.1.1","21.91","","","","2"
"2016","Canada","2021A000011124","Average hourly wage rate","Both full- and part-time employees","Other services (except public administration) [81]","Total - Gender","15 years and over","Current dollars","75","units","0","v2196685","1.2.1.18.1.1","22.31","","","","2"
"2017","Canada","2021A000011124","Average hourly wage rate","Both full- and part-time employees","Other services (except public administration) [81]","Total - Gender","15 years and over","Current dollars","75","units","0","v2196685","1.2.1.18.1.1","22.68","","","","2"
"2018","Canada","2021A000011124","Average hourly wage rate","Both full- and part-time employees","Other services (except public administration) [81]","Total - Gender","15 years and over","Current dollars","75","units","0","v2196685","1.2.1.18.1.1","23.70","","","","2"
"2019","Canada","2021A000011124","Average hourly wage rate","Both full- and part-time employees","Other services (except public administration) [81]","Total - Gender","15 years and over","Current dollars","75","units","0","v2196685","1.2.1.18.1.1","24.24","","","","2"
"2020","Canada","2021A000011124","Average hourly wage rate","Both full- and part-time employees","Other services (except public administration) [81]","Total - Gender","15 years and over","Current dollars","75","units","0","v2196685","1.2.1.18.1.1","26.34","","","","2"
"2021","Canada","2021A000011124","Average hourly wage rate","Both full- and part-time employees","Other services (except public administration) [81]","Total - Gender","15 years and over","Current dollars","75","units","0","v2196685","1.2.1.18.1.1","26.87","","","","2"
"2022","Canada","2021A000011124","Average hourly wage rate","Both full- and part-time employees","Other services (except public administration) [81]","Total - Gender","15 years and over","Current dollars","75","units","0","v2196685","1.2.1.18.1.1","27.45","","","","2"
"2023","Canada","2021A000011124","Average hourly wage rate","Both full- and part-time employees","Other services (except public administration) [81]","Total - Gender","15 years and over","Current dollars","75","units","0","v2196685","1.2.1.18.1.1","28.83","","","","2"
"2024","Canada","2021A000011124","Average hourly wage rate","Both full- and part-time employees","Other services (except public administration) [81]","Total - Gender","15 years and over","Current dollars","75","units","0","v2196685","1.2.1.18.1.1","30.37","","","","2"
"1997","Canada","2021A000011124","Average hourly wage rate","Both full- and part-time employees","Public administration [91]","Total - Gender","15 years and over","Current dollars","75","units","0","v2196705","1.2.1.19.1.1","19.43","","","","2"
"1998","Canada","2021A000011124","Average hourly wage rate","Both full- and part-time employees","Public administration [91]","Total - Gender","15 years and over","Current dollars","75","units","0","v2196705","1.2.1.19.1.1","19.75","","","","2"
"1999","Canada","2021A000011124","Average hourly wage rate","Both full- and part-time employees","Public administration [91]","Total - Gender","15 years and over","Current dollars","75","units","0","v2196705","1.2.1.19.1.1","20.60","","","","2"
"2000","Canada","2021A000011124","Average hourly wage rate","Both full- and part-time employees","Public administration [91]","Total - Gender","15 years and over","Current dollars","75","units","0","v2196705","1.2.1.19.1.1","21.33","","","","2"
"2001","Canada","2021A000011124","Average hourly wage rate","Both full- and part-time employees","Public administration [91]","Total - Gender","15 years and over","Current dollars","75","units","0","v2196705","1.2.1.19.1.1","22.11","","","","2"
"2002","Canada","2021A000011124","Average hourly wage rate","Both full- and part-time employees","Public administration [91]","Total - Gender","15 years and over","Current dollars","75","units","0","v2196705","1.2.1.19.1.1","23.19","","","","2"
"2003","Canada","2021A000011124","Average hourly wage rate","Both full- and part-time employees","Public administration [91]","Total - Gender","15 years and over","Current dollars","75","units","0","v2196705","1.2.1.19.1.1","24.08","","","","2"
"2004","Canada","2021A000011124","Average hourly wage rate","Both full- and part-time employees","Public administration [91]","Total - Gender","15 years and over","Current dollars","75","units","0","v2196705","1.2.1.19.1.1","24.63","","","","2"
"2005","Canada","2021A000011124","Average hourly wage rate","Both full- and part-time employees","Public administration [91]","Total - Gender","15 years and over","Current dollars","75","units","0","v2196705","1.2.1.19.1.1","25.51","","","","2"
"2006","Canada","2021A000011124","Average hourly wage rate","Both full- and part-time employees","Public administration [91]","Total - Gender","15 years and over","Current dollars","75","units","0","v2196705","1.2.1.19.1.1","27.42","","","","2"
"2007","Canada","2021A000011124","Average hourly wage rate","Both full- and part-time employees","Public administration [91]","Total - Gender","15 years and over","Current dollars","75","units","0","v2196705","1.2.1.19.1.1","28.51","","","","2"
"2008","Canada","2021A000011124","Average hourly wage rate","Both full- and part-time employees","Public administration [91]","Total - Gender","15 years and over","Current dollars","75","units","0","v2196705","1.2.1.19.1.1","29.50","","","","2"
"2009","Canada","2021A000011124","Average hourly wage rate","Both full- and part-time employees","Public administration [91]","Total - Gender","15 years and over","Current dollars","75","units","0","v2196705","1.2.1.19.1.1","30.91","","","","2"
"2010","Canada","2021A000011124","Average hourly wage rate","Both full- and part-time employees","Public administration [91]","Total - Gender","15 years and over","Current dollars","75","units","0","v2196705","1.2.1.19.1.1","31.70","","","","2"
"2011","Canada","2021A000011124","Average hourly wage rate","Both full- and part-time employees","Public administration [91]","Total - Gender","15 years and over","Current dollars","75","units","0","v2196705","1.2.1.19.1.1","32.63","","","","2"
"2012","Canada","2021A000011124","Average hourly wage rate","Both full- and part-time employees","Public administration [91]","Total - Gender","15 years and over","Current dollars","75","units","0","v2196705","1.2.1.19.1.1","33.26","","","","2"
"2013","Canada","2021A000011124","Average hourly wage rate","Both full- and part-time employees","Public administration [91]","Total - Gender","15 years and over","Current dollars","75","units","0","v2196705","1.2.1.19.1.1","34.21","","","","2"
"2014","Canada","2021A000011124","Average hourly wage rate","Both full- and part-time employees","Public administration [91]","Total - Gender","15 years and over","Current dollars","75","units","0","v2196705","1.2.1.19.1.1","34.75","","","","2"
"2015","Canada","2021A000011124","Average hourly wage rate","Both full- and part-time employees","Public administration [91]","Total - Gender","15 years and over","Current dollars","75","units","0","v2196705","1.2.1.19.1.1","35.51","","","","2"
"2016","Canada","2021A000011124","Average hourly wage rate","Both full- and part-time employees","Public administration [91]","Total - Gender","15 years and over","Current dollars","75","units","0","v2196705","1.2.1.19.1.1","35.83","","","","2"
"2017","Canada","2021A000011124","Average hourly wage rate","Both full- and part-time employees","Public administration [91]","Total - Gender","15 years and over","Current dollars","75","units","0","v2196705","1.2.1.19.1.1","36.18","","","","2"
"2018","Canada","2021A000011124","Average hourly wage rate","Both full- and part-time employees","Public administration [91]","Total - Gender","15 years and over","Current dollars","75","units","0","v2196705","1.2.1.19.1.1","37.67","","","","2"
"2019","Canada","2021A000011124","Average hourly wage rate","Both full- and part-time employees","Public administration [91]","Total - Gender","15 years and over","Current dollars","75","units","0","v2196705","1.2.1.19.1.1","38.27","","","","2"
"2020","Canada","2021A000011124","Average hourly wage rate","Both full- and part-time employees","Public administration [91]","Total - Gender","15 years and over","Current dollars","75","units","0","v2196705","1.2.1.19.1.1","39.77","","","","2"
"2021","Canada","2021A000011124","Average hourly wage rate","Both full- and part-time employees","Public administration [91]","Total - Gender","15 years and over","Current dollars","75","units","0","v2196705","1.2.1.19.1.1","39.88","","","","2"
"2022","Canada","2021A000011124","Average hourly wage rate","Both full- and part-time employees","Public administration [91]","Total - Gender","15 years and over","Current dollars","75","units","0","v2196705","1.2.1.19.1.1","40.78","","","","2"
"2023","Canada","2021A000011124","Average hourly wage rate","Both full- and part-time employees","Public administration [91]","Total - Gender","15 years and over","Current dollars","75","units","0","v2196705","1.2.1.19.1.1","42.57","","","","2"
"2024","Canada","2021A000011124","Average hourly wage rate","Both full- and part-time employees","Public administration [91]","Total - Gender","15 years and over","Current dollars","75","units","0","v2196705","1.2.1.19.1.1","44.56","","","","2"


